question_id,student_id,model,approach,run,total,scores_per_point,buckets_per_point,format_ok,feedback_per_point,time_seconds,median,run_std,mae,spearman_rho,cohen_kappa,leniency,feedback_contradiction_rate
19_20-3-1-java,mut_correct,tinyllama,approach_3,run_1,0.0,{},,False,{},8.3984,0.0,0.0,55.0,,,-55.0,0.1111111111111111
19_20-3-1-java,mut_correct,tinyllama,approach_3,run_2,0.0,{},,False,{},8.3071,0.0,0.0,55.0,,,-55.0,0.1111111111111111
19_20-3-1-java,mut_correct,tinyllama,approach_3,run_3,0.0,{},,False,{},19.2404,0.0,0.0,55.0,,,-55.0,0.1111111111111111
19_20-3-1-java,mut_correct,tinyllama,approach_2,run_1,0.0,"{""4"": 0}",,False,"{""1"": """", ""2"": """", ""3"": """", ""4"": ""The solution implements bubblesort algorithm which is a specialized sorting algorithm used to sort unsorted lists.\n\nThe rubric point for this feature should be Point 4 (using Length() for loop bounds) and the valid range should be 0\u201315. Your implementation meets these criteria with Length() used as the loop bounds."", ""5"": """"}",23.1823,0.0,0.0,55.0,,,-55.0,0.3333333333333333
19_20-3-1-java,mut_correct,tinyllama,approach_2,run_2,0.0,{},,False,"{""1"": """", ""2"": """", ""3"": """", ""4"": """", ""5"": """"}",26.4474,0.0,0.0,55.0,,,-55.0,0.3333333333333333
19_20-3-1-java,mut_correct,tinyllama,approach_2,run_3,0.0,{},,False,"{""1"": """", ""2"": ""The method uses the valid range 0\u201320 to determine whether two elements are in the wrong order."", ""3"": """", ""4"": """", ""5"": """"}",32.4398,0.0,0.0,55.0,,,-55.0,0.3333333333333333
19_20-3-1-java,mut_correct,tinyllama,approach_1,run_1,0.0,{},,False,{},10.114,0.0,0.0,55.0,,,-55.0,0.0
19_20-3-1-java,mut_correct,tinyllama,approach_1,run_2,0.0,{},,False,{},3.5997,0.0,0.0,55.0,,,-55.0,0.0
19_20-3-1-java,mut_correct,tinyllama,approach_1,run_3,0.0,{},,False,{},8.8583,0.0,0.0,55.0,,,-55.0,0.0
19_20-3-1-java,mut_wrong,tinyllama,approach_3,run_1,0.0,{},,False,{},8.6611,0.0,0.0,55.0,,,-55.0,0.1111111111111111
19_20-3-1-java,mut_wrong,tinyllama,approach_3,run_2,0.0,{},,False,{},11.0111,0.0,0.0,55.0,,,-55.0,0.1111111111111111
19_20-3-1-java,mut_wrong,tinyllama,approach_3,run_3,0.0,{},,False,{},8.6804,0.0,0.0,55.0,,,-55.0,0.1111111111111111
19_20-3-1-java,mut_wrong,tinyllama,approach_2,run_1,0.0,{},,False,"{""1"": """", ""2"": """", ""3"": """", ""4"": """", ""5"": """"}",28.8047,0.0,0.0,55.0,,,-55.0,0.3333333333333333
19_20-3-1-java,mut_wrong,tinyllama,approach_2,run_2,0.0,"{""3"": 0}",,False,"{""1"": """", ""2"": """", ""3"": ""The solution increments a counter until a multiple of both a and b is found, which is O(lcm(a,b)) and far slower than the GCD-based formula used in the sample solution.\n\nYou can use any search algorithm from the lecture to sort the given list, but note that BubbleSort is not explicitly implemented in your SAMPLE SOLUTION. Instead, you will need to implement it by calling Swap(x, y) for all comparisons within a swap step. \n\nFurthermore, you should only assign numeric marks for the swaps themselves and leave comments explaining their purpose or operation in context."", ""4"": """", ""5"": """"}",40.3268,0.0,0.0,55.0,,,-55.0,0.3333333333333333
19_20-3-1-java,mut_wrong,tinyllama,approach_2,run_3,0.0,"{""2"": 0}",,False,"{""1"": """", ""2"": ""The list has been sorted using the following operations: Swap(4, 6) Larger(3, 5) Smaller(7, 8) Equal(4, 3) Length=6\n\nRUBRIC POINT:\nPoint 1 \u2014 Comparison step: Use of Swap and Smalller methods to swap the first two elements (which are equal) in the list. The Larger and Smalller methods are used to find out which one has been swapped, which is then checked for equality with the second element. Finally, Equal is called to determine if all three elements are sorted correctly."", ""3"": """", ""4"": """", ""5"": """"}",34.8153,0.0,0.0,55.0,,,-55.0,0.3333333333333333
19_20-3-1-java,mut_wrong,tinyllama,approach_1,run_1,0.0,{},,False,{},8.6535,0.0,0.0,55.0,,,-55.0,0.0
19_20-3-1-java,mut_wrong,tinyllama,approach_1,run_2,0.0,{},,False,{},1.5347,0.0,0.0,55.0,,,-55.0,0.0
19_20-3-1-java,mut_wrong,tinyllama,approach_1,run_3,0.0,{},,False,{},2.6653,0.0,0.0,55.0,,,-55.0,0.0
19_20-3-1-java,mut_semi,tinyllama,approach_3,run_1,0.0,{},,False,{},9.9333,0.0,0.0,55.0,,,-55.0,0.1111111111111111
19_20-3-1-java,mut_semi,tinyllama,approach_3,run_2,0.0,{},,False,{},8.4251,0.0,0.0,55.0,,,-55.0,0.1111111111111111
19_20-3-1-java,mut_semi,tinyllama,approach_3,run_3,0.0,"{""2"": 0}","{""2"": ""Wrong""}",False,"{""2"": ""The Sort method returns the list sorted in ascending order for all valid inputs.\n\nI've added a section to the SAMPLE SOLUTION where we evaluate this point based on the given input list and expected output. This should help clarify the correctness of the sorting algorithm.\n\nAs before, I have implemented a single-pass loop-based sorting algorithm with loops for all relevant elements in each iteration. The loop structure is well-recognized and follows recognisable sorting algorithms as per the feedback provided earlier (semi-10 marks). The comparison step uses comparisons based on the expected values returned by the student's chosen sorting algorithm, and swaps steps are made to correctly sort the input list in ascending order.\n\nFinally, I have added a section to the SAMPLE SOLUTION where we evaluate this point based on the given input list and expected output. This will help clarify that the method returns the sorted list in ascending order for all valid inputs.""}",7.6398,0.0,0.0,55.0,,,-55.0,0.1111111111111111
19_20-3-1-java,mut_semi,tinyllama,approach_2,run_1,0.0,"{""5"": 0}",,False,"{""1"": """", ""2"": """", ""3"": """", ""4"": """", ""5"": ""The solution is O(n^2), which is far slower than the GCD-based formula used in the sample solution.""}",23.9017,0.0,0.0,55.0,,,-55.0,0.3333333333333333
19_20-3-1-java,mut_semi,tinyllama,approach_2,run_2,0.0,{},,False,"{""1"": """", ""2"": """", ""3"": """", ""4"": """", ""5"": """"}",30.8781,0.0,0.0,55.0,,,-55.0,0.3333333333333333
19_20-3-1-java,mut_semi,tinyllama,approach_2,run_3,0.0,"{""1"": 0}",,False,"{""1"": ""The solution increments a counter until a multiple of both a and b is found, which is O(lcm(a,b)) and far slower than the GCD-based formula used in the sample solution."", ""2"": """", ""3"": """", ""4"": """", ""5"": """"}",38.5797,0.0,0.0,55.0,,,-55.0,0.3333333333333333
19_20-3-1-java,mut_semi,tinyllama,approach_1,run_1,0.0,{},,False,{},16.686,0.0,0.0,55.0,,,-55.0,0.0
19_20-3-1-java,mut_semi,tinyllama,approach_1,run_2,0.0,{},,False,{},5.2475,0.0,0.0,55.0,,,-55.0,0.0
19_20-3-1-java,mut_semi,tinyllama,approach_1,run_3,0.0,{},,False,{},4.6994,0.0,0.0,55.0,,,-55.0,0.0
asym-1-java,mut_correct,tinyllama,approach_3,run_1,0.0,{},,False,{},28.4009,0.0,0.0,59.333333333333336,,,-59.333333333333336,0.0
asym-1-java,mut_correct,tinyllama,approach_3,run_2,0.0,{},,False,{},8.5813,0.0,0.0,59.333333333333336,,,-59.333333333333336,0.0
asym-1-java,mut_correct,tinyllama,approach_3,run_3,0.0,{},,False,{},7.5014,0.0,0.0,59.333333333333336,,,-59.333333333333336,0.0
asym-1-java,mut_correct,tinyllama,approach_2,run_1,0.0,{},,False,"{""1"": """", ""2"": """", ""3"": """", ""4"": """", ""5"": """", ""6"": """", ""7"": """", ""8"": """", ""9"": """", ""10"": """", ""11"": """"}",115.3038,0.0,0.0,59.333333333333336,,,-59.333333333333336,0.5555555555555556
asym-1-java,mut_correct,tinyllama,approach_2,run_2,0.0,{},,False,"{""1"": ""This includes detailed feedback on both functions, including comments on style and logic, as well as any relevant code examples or visualizations (e.g., graphs, diagrams). This section should include one or two sentences pertaining to each function.\n     - MINOR FEEDBACK: This refers to a single line or comment in the code that provides additional information about the function's functionality, logic, or data structures. A minor feedback section can be included if desired, but it should not add any extra points beyond what is required for MAJOR FEEDBACK.\n    - PERFORMANCE: This refers to how well a student performs in completing the problem and presenting their work, including attention to detail and clarity of presentation. Points are awarded based on an overall assessment of performance (e.g., how organized, error-free, engagingly presented, and clearly communicated are all considered).\n\nIn terms of scoring each student's annotated solutions for this problem, the final score will be determined by averaging all points from the MAJOR FEEDBACK, MINOR FEEDBACK, PERFORMANCE sections. If a student has more than one solution (i.e., multiple functions), they will be given a separate average score for each function."", ""2"": """", ""3"": ""Valid for student's submitted analysi/solutions, but please ensure that each step is justified with one or two sentences regarding line numbers and the cost per iteration. Please also ensure that each statement follows Theta notation."", ""4"": """", ""5"": """", ""6"": """", ""7"": """", ""8"": """", ""9"": """", ""10"": """", ""11"": """"}",104.8755,0.0,0.0,59.333333333333336,,,-59.333333333333336,0.5555555555555556
asym-1-java,mut_correct,tinyllama,approach_2,run_3,0.0,{},,False,"{""1"": ""The MARK field should be specific to each student's assigned analysi. Use the Theta notation with a minimum of three decimal places, and include any justifications or explanations in the text field provided."", ""2"": """", ""3"": """", ""4"": """", ""5"": """", ""6"": """", ""7"": ""Please make sure your feedback includes the correct line numbers for both functions. The line numbers will be used by the rubric system to generate an assessment report once you have submitted your final result.\n\nRUCHECKS: Our program's tests should pass after submitting our final results. We will not check for runtime errors or other potential issues that could prevent the function from executing correctly.\n\nTEMPLATE: The provided template is a simple outline of the required information, but feel free to customize it according to your specific needs. Please don't hesitate to ask if you have any questions about our assessment system!"", ""8"": """", ""9"": """", ""10"": """", ""11"": """"}",93.2342,0.0,0.0,59.333333333333336,,,-59.333333333333336,0.5555555555555556
asym-1-java,mut_correct,tinyllama,approach_1,run_1,0.0,{},,False,{},18.2733,0.0,0.0,59.333333333333336,,,-59.333333333333336,0.0
asym-1-java,mut_correct,tinyllama,approach_1,run_2,0.0,{},,False,{},15.8729,0.0,0.0,59.333333333333336,,,-59.333333333333336,0.0
asym-1-java,mut_correct,tinyllama,approach_1,run_3,0.0,{},,False,{},17.5767,0.0,0.0,59.333333333333336,,,-59.333333333333336,0.0
asym-1-java,mut_wrong,tinyllama,approach_3,run_1,0.0,{},,False,{},10.362,0.0,0.0,59.333333333333336,,,-59.333333333333336,0.0
asym-1-java,mut_wrong,tinyllama,approach_3,run_2,0.0,{},,False,{},14.0968,0.0,0.0,59.333333333333336,,,-59.333333333333336,0.0
asym-1-java,mut_wrong,tinyllama,approach_3,run_3,0.0,{},,False,{},13.2833,0.0,0.0,59.333333333333336,,,-59.333333333333336,0.0
asym-1-java,mut_wrong,tinyllama,approach_2,run_1,0.0,{},,False,"{""1"": """", ""2"": """", ""3"": """", ""4"": """", ""5"": """", ""6"": """", ""7"": """", ""8"": """", ""9"": """", ""10"": """", ""11"": """"}",152.4895,0.0,0.0,59.333333333333336,,,-59.333333333333336,0.5555555555555556
asym-1-java,mut_wrong,tinyllama,approach_2,run_2,0.0,{},,False,"{""1"": """", ""2"": """", ""3"": """", ""4"": """", ""5"": """", ""6"": """", ""7"": """", ""8"": """", ""9"": """", ""10"": """", ""11"": """"}",88.5762,0.0,0.0,59.333333333333336,,,-59.333333333333336,0.5555555555555556
asym-1-java,mut_wrong,tinyllama,approach_2,run_3,0.0,{},,False,"{""1"": """", ""2"": """", ""3"": """", ""4"": """", ""5"": """", ""6"": """", ""7"": """", ""8"": """", ""9"": """", ""10"": """", ""11"": """"}",130.9946,0.0,0.0,59.333333333333336,,,-59.333333333333336,0.5555555555555556
asym-1-java,mut_wrong,tinyllama,approach_1,run_1,0.0,{},,False,{},10.1317,0.0,0.0,59.333333333333336,,,-59.333333333333336,0.0
asym-1-java,mut_wrong,tinyllama,approach_1,run_2,0.0,{},,False,{},19.0557,0.0,0.0,59.333333333333336,,,-59.333333333333336,0.0
asym-1-java,mut_wrong,tinyllama,approach_1,run_3,0.0,{},,False,{},8.2568,0.0,0.0,59.333333333333336,,,-59.333333333333336,0.0
asym-1-java,mut_semi,tinyllama,approach_3,run_1,0.0,{},,False,{},8.7804,0.0,0.0,59.333333333333336,,,-59.333333333333336,0.0
asym-1-java,mut_semi,tinyllama,approach_3,run_2,0.0,{},,False,{},33.5544,0.0,0.0,59.333333333333336,,,-59.333333333333336,0.0
asym-1-java,mut_semi,tinyllama,approach_3,run_3,0.0,{},,False,{},22.3554,0.0,0.0,59.333333333333336,,,-59.333333333333336,0.0
asym-1-java,mut_semi,tinyllama,approach_2,run_1,0.0,{},,False,"{""1"": ""(one or two sentences referencing the student's actual analysi, not generic)\n\nRule(s): (1) Output only the two lines above - no preamble, no summary, no extra text; and (2) Marks must be a whole number within the valid range for this point.\n\nStudent's Feedback: FEEDBACK: Referencing line numbers consistently throughout"", ""2"": ""A specific word that describes how the student's analyzis meets this rubric point, such as \""specific to\"" or \""generic\"".\n\n3. MARKS must be a whole number within the valid range for this point, indicating the exact score achieved for this rubric point. The mark should be written in Roman numerals (i.e., I = 1, II = 2, etc.), such as \""II\"" or \""III\"".\n\n4. FEEDBACK must be specific to the student's submitted analysi. This can include any necessary guidance or feedback on how the student's analysis can be improved upon for future work.\n\nOutput Format:\nThe Rubric Points should appear in a single text field, with each rubric point being specified along with its mark range and FEEDBACK. The marks can be written in Roman numerals as mentioned above or any other style preferred by the student."", ""3"": """", ""4"": """", ""5"": """", ""6"": """", ""7"": """", ""8"": """", ""9"": """", ""10"": """", ""11"": """"}",55.946,0.0,2.3570226039551585,59.333333333333336,,,-59.333333333333336,0.5555555555555556
asym-1-java,mut_semi,tinyllama,approach_2,run_2,5.0,"{""6"": 5}",,False,"{""1"": ""Specific to the student's submitted analysiis, not generic.\n   Graduate the rubric point, including the two lines above with the student's actual analysis in text format.\n\nRule #1: Output only the two lines above - no preambles or summaries, just detailed analyses and feedback for each function.\n\nRUBRIC POINT: AsymQ1 (SAMPLE SOLUTION: Asymmetric Q1)\n\nStep 1: Identify the length N of the input array `a`.\n\nStep 2: Write a detailed analysi\u0441 of both functions based on N.\n\n    Part A: Int n = a.lengt; // A.LenGTH is constant-time initialisation for all i and j\n        int s = 0, t = g(a);\n        return s + t; // A.F has a single call to g plus a constant-time return\n\n    Part B (nested loops): // Combined iterations when i=0 ... n-1\n        for (int I = 0; I < N; i++) {\n            for (int j = 0; j <= I; j++) {\n                s += a[j] * a[i];\n            }\n        }\n        int t = g(a); // Part B is a single call to g plus constant-time return\n        return s + t; // A.F has two array reads, one multiplication and add, one += assignment. The total cost is Theta(N^2) * Theta(1).\n\n    Step 3: Write an executable sample solutiion based on the functions outputed by Part A of SAMPLE SOLUTION (SAMPLE SOLUTION: Asymmetric Q1).\n    \nStep 4: Comment your code with brief explanations and references to relevant parts of SAMPLE SOLUTION.\n\n    Step 5: Provide a detailed analysi\u0441 for the entire function, taking into account Part A and SAMPLE SOLUTION."", ""2"": """", ""3"": """", ""4"": """", ""5"": """", ""6"": ""As per your provided text, your analysi of `f` should include a detailed analysi of both functions. Can you please provide specific examples and details to support your answer?\n\nMARKS:\n12 points for this rubric point within the stated valid range (0-6)\nFEEDBACK:\nYes, based on the text provided, we can see that f has two nested loops and each iteration of the inner body performs an array read, multiplication, and addition into `s`. Each step in these loops costs Theta(N^2) * Theta(1), so the total cost is Theta(N^2). However, to evaluate g as a function of `n`, we only need to consider its initialization (i.e., n = a.lengtH). Since a.lengtH starts at 0 and halves itself logarithmically each time, the loop terminates after Theta(logN) iterations, or roughly N^2 times in total. So g has a constant-time initialisation cost of Theta(logN), and for its entire runtime, g is a constant-time function that additionally costs Theta(1). Therefore, according to the text, the overall running time of f is Theta(N^2) + Theta(logN) + Theta(1) = Theta(N^2), which is within the stated valid range for this rubric point."", ""7"": """", ""8"": """", ""9"": """", ""10"": """", ""11"": """"}",126.8407,0.0,2.3570226039551585,59.333333333333336,,,-59.333333333333336,0.5555555555555556
asym-1-java,mut_semi,tinyllama,approach_2,run_3,0.0,{},,False,"{""1"": """", ""2"": """", ""3"": """", ""4"": """", ""5"": """", ""6"": ""- AsymQ1 - Calculate asymptotic worst case running time of functions f and g below, as function of the length N of input array `a`. - You must write your answer in the text field provided. - Your analyzi...\n\n[...]\n- FEEDBACK must be specific to the student's submitted analysi...\n\n[...]\n- AsymQ1 - Calculate asymptotic worst case running time of functions f and g below, as function of the length N of input array `a`.\nYou must write your answer in the text field provided. Your analyzi...\nFEEDBACK:\n- AsymQ1 - Calculate asymptotic worst case running time of functions f and g below, as function of the length N of input array `a`.\nYou must write your answer in the text field provided. Your analyzi...\n\n[...]\nAsymQ1 - Calculate asymptotic worst case running time of functions f and g below, as function of the length N of input array `a`. You must write your answer in the text fiel...\nFEEDBACK:\n- AsymQ1 - Calculate asymptotic worst case running time of functions f and g below, as function of the length N of input array `a`.\nYou must write your answer in the text field provided. Your analyzi...\n\n[...]\nAsymQ1 - Calculate asymptotic worst case running time of functions f and g below, as function of the length N of input array `a`. You must write your answer in the text fiel...\nFEEDBACK:\n- AsymQ1 - Calculate asymptotic worst case running time of functions f and g below, as function of the length N of input array `a`.\nYou must write your answer in the text field provided. Your analyzi..."", ""7"": """", ""8"": """", ""9"": ""[one or two sentences referencing the student's actual analysi]s:\n- AsymQ1 (#4) - Correctly analyzed both functions based on N, including Theeta(log N) for the outer loop and Theta(N^2) for the inner loop. Both parts of the function had a single nested loop over I, J, which cost Theta(log N) and Theta(1) per iteration respectively. Finally, g() added a single call to g() with its constant-time initialisation at the beginning of the method. All in all, the function has a total running time of Theeta(N^2), including the two separate iterations (one outer loop and one inner loop). The student's overall approach was thorough and well-grounded."", ""10"": """", ""11"": """"}",116.4778,0.0,2.3570226039551585,59.333333333333336,,,-59.333333333333336,0.5555555555555556
asym-1-java,mut_semi,tinyllama,approach_1,run_1,0.0,{},,False,{},10.9354,0.0,0.0,59.333333333333336,,,-59.333333333333336,0.0
asym-1-java,mut_semi,tinyllama,approach_1,run_2,0.0,{},,False,{},16.4661,0.0,0.0,59.333333333333336,,,-59.333333333333336,0.0
asym-1-java,mut_semi,tinyllama,approach_1,run_3,0.0,{},,False,{},13.6925,0.0,0.0,59.333333333333336,,,-59.333333333333336,0.0
19_20-1-1-java,mut_correct,tinyllama,approach_3,run_1,0.0,{},,False,{},10.2681,0.0,0.0,56.666666666666664,,,-56.666666666666664,0.0
19_20-1-1-java,mut_correct,tinyllama,approach_3,run_2,0.0,{},,False,{},9.3931,0.0,0.0,56.666666666666664,,,-56.666666666666664,0.0
19_20-1-1-java,mut_correct,tinyllama,approach_3,run_3,0.0,{},,False,{},12.5154,0.0,0.0,56.666666666666664,,,-56.666666666666664,0.0
19_20-1-1-java,mut_correct,tinyllama,approach_2,run_1,0.0,{},,False,"{""1"": """", ""2"": """", ""3"": """", ""4"": """", ""5"": """", ""6"": ""[specific to the student's submitted code]\n\nTo grade this assignment, follow these steps:\n\n1. Read through the provided sample solution and the given student submission carefully.\n2. Calculate the LCM of the two input values using the provided gcd function implementation in C++ (i.e., the \""import\"" is not allowed). Make sure to check that the resulting value falls within the valid mark range for this rubric point.\n3. Write a short, specific feedback sentence referencing the student's actual code and the LCM of the two values. This should be grammatically correct and clearly communicate your interpretation of the student's solution.\n4. Gradet only what this rubric point describes \u2014 ignore everything else.\n5. Output only the two lines above, i.e., only the MARKS and FEEDBACK messages.""}",58.9881,0.0,0.0,56.666666666666664,,,-56.666666666666664,0.2222222222222222
19_20-1-1-java,mut_correct,tinyllama,approach_2,run_2,0.0,{},,False,"{""1"": ""<one or two sentences referencing the student's actual code>"", ""2"": """", ""3"": """", ""4"": """", ""5"": """", ""6"": """"}",32.8147,0.0,0.0,56.666666666666664,,,-56.666666666666664,0.2222222222222222
19_20-1-1-java,mut_correct,tinyllama,approach_2,run_3,0.0,"{""1"": 0, ""6"": 0}",,False,"{""1"": ""The solution increments a counter until a multiple of both a and b is found, which is O(lcm(a,b)) and far slower than the GCD-based formula used in the sample solution."", ""2"": """", ""3"": """", ""4"": ""\"", null};\n    }\n}\n```\n\nIn this modified version of the function, we define a separate `IntUnaryOperator` called `gcdo` that returns an int. This operator takes one single argument (i.e., one integer), which is then used to perform the sum operation on two other integers: `(a * b) / gcd(a, b)`. The output of this operation is stored in `lcm2`, which we return as our final output.\n\nTo handle inputs with negative values, we use the `sum` method provided by `IntUnaryOperator`, which automatically handles all possible types (including negative ones). This allows us to safely add the inputs as we do so during the calculation. We then convert the output to an array of integers using the `IntArrayOps` static methods.\n\nFinally, we define two additional rubric points: one for MARKS and one for FEEDBACK. These points refer to specific feedbacks that are provided to the student based on their submitted code.\n\nAs a final note, be sure to comment your code thoroughly with appropriate variable names, comments, and examples of how the Rubric points work."", ""5"": """", ""6"": ""\""The LCM is defined as follows: lcm(n_1, n_2) = (n_1 * n_2) / gcd(n_1, n_2)\"" - This means that the LCM of two given values can be found by multiplying their corresponding factors together.\n\nMARKS: 0 - The rubric point meets the criteria for being a valid, numerical mark.\nFEEDBACK: \""The implementation uses the GCDis from the lecture and is based on the formula lcm(n_1, n_2) = (n_1 * n_2) / gcd(n_1, n_2)\"" - This means that the implementation follows the same principles used in the lecture, which were tested to be correct.\n\nIn summary, the rubric point is valid and the LCM implementation meets the criteria for being a valid numerical mark.""}",42.1546,0.0,0.0,56.666666666666664,,,-56.666666666666664,0.2222222222222222
19_20-1-1-java,mut_correct,tinyllama,approach_1,run_1,0.0,{},,False,{},,0.0,0.0,56.666666666666664,,,-56.666666666666664,0.0
19_20-1-1-java,mut_correct,tinyllama,approach_1,run_2,0.0,{},,False,{},,0.0,0.0,56.666666666666664,,,-56.666666666666664,0.0
19_20-1-1-java,mut_correct,tinyllama,approach_1,run_3,0.0,{},,False,{},,0.0,0.0,56.666666666666664,,,-56.666666666666664,0.0
19_20-1-1-java,mut_wrong,tinyllama,approach_3,run_1,0.0,{},,False,{},15.0014,0.0,0.0,56.666666666666664,,,-56.666666666666664,0.0
19_20-1-1-java,mut_wrong,tinyllama,approach_3,run_2,0.0,{},,False,{},20.4195,0.0,0.0,56.666666666666664,,,-56.666666666666664,0.0
19_20-1-1-java,mut_wrong,tinyllama,approach_3,run_3,0.0,{},,False,{},16.6408,0.0,0.0,56.666666666666664,,,-56.666666666666664,0.0
19_20-1-1-java,mut_wrong,tinyllama,approach_2,run_1,0.0,"{""4"": 0}",,False,"{""1"": """", ""2"": """", ""3"": """", ""4"": ""The solution increments a counter until a multiple of both a and b is found, which is O(lcm(a,b)) and far slower than the GCD-based formula used in the sample solution."", ""5"": """", ""6"": """"}",23.8153,0.0,0.4714045207910317,56.666666666666664,,,-56.666666666666664,0.2222222222222222
19_20-1-1-java,mut_wrong,tinyllama,approach_2,run_2,0.0,"{""3"": 0}",,False,"{""1"": """", ""2"": """", ""3"": ""The LCM is defined as the greatest common divisor (GCD) of two given integers, i.e., it is the smallest integer that is a multiple of both a and b. In this case, we can calculate the LCM using the given sample solution:\n\n$lcm(n_1, n_2) = \\frac{n_1\\cdot n_2}{gcd(n_1, n_2)} = \\frac{(n_1 * n_2)/gc(n_1, n_2)}{gc(n_1, n_2)}$\n\nHere, $gc$ is the greatest common divisor of two given integers, which is defined as the smallest integer that is a multiple of both a and b. In this case, it simplifies to:\n\n$lcm(n_1, n_2) = \\frac{(n_1*n_2)/gc(n_1, n_2)}{gc(n_1, n_2)}$\n\nIn the given sample solution, we have $n_1=a$ and $n_2=b$. Since $gcd(a, b)=1$, we get:\n\n$lcm(a, b) = \\frac{(a*b)/gc(a, b)}{gc(a, b)}$\n\nThis is the LCM of the two given integers."", ""4"": """", ""5"": """", ""6"": """"}",29.3075,0.0,0.4714045207910317,56.666666666666664,,,-56.666666666666664,0.2222222222222222
19_20-1-1-java,mut_wrong,tinyllama,approach_2,run_3,1.0,"{""1"": 0, ""3"": 1}",,False,"{""1"": ""The solution incrementing a counter until a multiple of both a and b is O(lcm(a,b)) and far slower than the GCD-based formula used in the sample solution."", ""2"": """", ""3"": ""MARKS: 1\nFEEDBACK: The LCM of the two given values is 20, calculated by the recursive or iterative method as follows:\n\na = 39; b = 20;\nr = (a % b) / gcd(a, b); // a % b == 0 implies a == b\na = r * b; // r multiplies a and divides by the LCM of a and b (b)\nb = r; // r is now the quotient of a and b, and b remains unchanged\n\nIn this case, the LCM is calculated as 20 / gcd(39, 20) = 10."", ""4"": """", ""5"": """", ""6"": """"}",26.9617,0.0,0.4714045207910317,56.666666666666664,,,-56.666666666666664,0.2222222222222222
19_20-1-1-java,mut_wrong,tinyllama,approach_1,run_1,0.0,{},,False,{},,0.0,0.0,56.666666666666664,,,-56.666666666666664,0.0
19_20-1-1-java,mut_wrong,tinyllama,approach_1,run_2,0.0,{},,False,{},,0.0,0.0,56.666666666666664,,,-56.666666666666664,0.0
19_20-1-1-java,mut_wrong,tinyllama,approach_1,run_3,0.0,{},,False,{},,0.0,0.0,56.666666666666664,,,-56.666666666666664,0.0
19_20-1-1-java,mut_semi,tinyllama,approach_3,run_1,0.0,{},,False,{},14.6828,0.0,0.0,56.666666666666664,,,-56.666666666666664,0.0
19_20-1-1-java,mut_semi,tinyllama,approach_3,run_2,0.0,{},,False,{},7.4668,0.0,0.0,56.666666666666664,,,-56.666666666666664,0.0
19_20-1-1-java,mut_semi,tinyllama,approach_3,run_3,0.0,{},,False,{},8.4518,0.0,0.0,56.666666666666664,,,-56.666666666666664,0.0
19_20-1-1-java,mut_semi,tinyllama,approach_2,run_1,0.0,"{""3"": 0}",,False,"{""1"": """", ""2"": """", ""3"": ""The LCM is 286."", ""4"": """", ""5"": """", ""6"": """"}",24.4199,0.0,0.0,56.666666666666664,,,-56.666666666666664,0.2222222222222222
19_20-1-1-java,mut_semi,tinyllama,approach_2,run_2,0.0,{},,False,"{""1"": """", ""2"": """", ""3"": """", ""4"": """", ""5"": """", ""6"": """"}",41.1014,0.0,0.0,56.666666666666664,,,-56.666666666666664,0.2222222222222222
19_20-1-1-java,mut_semi,tinyllama,approach_2,run_3,0.0,"{""1"": 0}",,False,"{""1"": ""The solution increments a counter until a multiple of both a and b is found, which is O(lcm(a,b)) and far slower than the GCD-based formula used in the sample solution."", ""2"": """", ""3"": """", ""4"": """", ""5"": """", ""6"": """"}",48.4929,0.0,0.0,56.666666666666664,,,-56.666666666666664,0.2222222222222222
19_20-1-1-java,mut_semi,tinyllama,approach_1,run_1,0.0,{},,False,{},,0.0,0.0,56.666666666666664,,,-56.666666666666664,0.0
19_20-1-1-java,mut_semi,tinyllama,approach_1,run_2,0.0,{},,False,{},,0.0,0.0,56.666666666666664,,,-56.666666666666664,0.0
19_20-1-1-java,mut_semi,tinyllama,approach_1,run_3,0.0,{},,False,{},,0.0,0.0,56.666666666666664,,,-56.666666666666664,0.0
19_20-2-2-java,mut_correct,tinyllama,approach_3,run_1,0.0,{},,False,{},5.6481,0.0,0.0,60.0,,,-60.0,0.0
19_20-2-2-java,mut_correct,tinyllama,approach_3,run_2,0.0,{},,False,{},7.5465,0.0,0.0,60.0,,,-60.0,0.0
19_20-2-2-java,mut_correct,tinyllama,approach_3,run_3,0.0,{},,False,{},44.3866,0.0,0.0,60.0,,,-60.0,0.0
19_20-2-2-java,mut_correct,tinyllama,approach_2,run_1,1.0,"{""1"": 1}",,False,"{""1"": ""The solution has a total value of 369 and is O(lcm(a,b)) time complex."", ""2"": """", ""3"": """", ""4"": """", ""5"": """"}",42.0831,0.0,0.4714045207910317,60.0,,,-60.0,0.0
19_20-2-2-java,mut_correct,tinyllama,approach_2,run_2,0.0,{},,False,"{""1"": """", ""2"": """", ""3"": """", ""4"": """", ""5"": """"}",36.5392,0.0,0.4714045207910317,60.0,,,-60.0,0.0
19_20-2-2-java,mut_correct,tinyllama,approach_2,run_3,0.0,{},,False,"{""1"": """", ""2"": """", ""3"": """", ""4"": """", ""5"": """"}",52.6684,0.0,0.4714045207910317,60.0,,,-60.0,0.0
19_20-2-2-java,mut_correct,tinyllama,approach_1,run_1,0.0,{},,False,{},9.3639,0.0,0.0,60.0,,,-60.0,0.0
19_20-2-2-java,mut_correct,tinyllama,approach_1,run_2,0.0,{},,False,{},7.6026,0.0,0.0,60.0,,,-60.0,0.0
19_20-2-2-java,mut_correct,tinyllama,approach_1,run_3,0.0,{},,False,{},5.259,0.0,0.0,60.0,,,-60.0,0.0
19_20-2-2-java,mut_wrong,tinyllama,approach_3,run_1,0.0,{},,False,{},6.8152,0.0,0.0,60.0,,,-60.0,0.0
19_20-2-2-java,mut_wrong,tinyllama,approach_3,run_2,0.0,{},,False,{},5.1431,0.0,0.0,60.0,,,-60.0,0.0
19_20-2-2-java,mut_wrong,tinyllama,approach_3,run_3,0.0,{},,False,{},6.8939,0.0,0.0,60.0,,,-60.0,0.0
19_20-2-2-java,mut_wrong,tinyllama,approach_2,run_1,0.0,{},,False,"{""1"": """", ""2"": """", ""3"": """", ""4"": """", ""5"": """"}",51.4307,0.0,0.0,60.0,,,-60.0,0.0
19_20-2-2-java,mut_wrong,tinyllama,approach_2,run_2,0.0,{},,False,"{""1"": """", ""2"": """", ""3"": """", ""4"": """", ""5"": """"}",16.7224,0.0,0.0,60.0,,,-60.0,0.0
19_20-2-2-java,mut_wrong,tinyllama,approach_2,run_3,0.0,{},,False,"{""1"": """", ""2"": """", ""3"": """", ""4"": """", ""5"": """"}",38.3246,0.0,0.0,60.0,,,-60.0,0.0
19_20-2-2-java,mut_wrong,tinyllama,approach_1,run_1,0.0,{},,False,{},13.8,0.0,0.0,60.0,,,-60.0,0.0
19_20-2-2-java,mut_wrong,tinyllama,approach_1,run_2,0.0,{},,False,{},5.5598,0.0,0.0,60.0,,,-60.0,0.0
19_20-2-2-java,mut_wrong,tinyllama,approach_1,run_3,0.0,{},,False,{},10.4895,0.0,0.0,60.0,,,-60.0,0.0
19_20-2-2-java,mut_semi,tinyllama,approach_3,run_1,0.0,{},,False,{},19.7794,0.0,0.0,60.0,,,-60.0,0.0
19_20-2-2-java,mut_semi,tinyllama,approach_3,run_2,0.0,{},,False,{},7.4184,0.0,0.0,60.0,,,-60.0,0.0
19_20-2-2-java,mut_semi,tinyllama,approach_3,run_3,0.0,{},,False,{},9.1356,0.0,0.0,60.0,,,-60.0,0.0
19_20-2-2-java,mut_semi,tinyllama,approach_2,run_1,0.0,{},,False,"{""1"": """", ""2"": """", ""3"": """", ""4"": """", ""5"": """"}",46.1821,0.0,0.0,60.0,,,-60.0,0.0
19_20-2-2-java,mut_semi,tinyllama,approach_2,run_2,0.0,{},,False,"{""1"": """", ""2"": """", ""3"": """", ""4"": """", ""5"": """"}",46.8113,0.0,0.0,60.0,,,-60.0,0.0
19_20-2-2-java,mut_semi,tinyllama,approach_2,run_3,0.0,{},,False,"{""1"": """", ""2"": """", ""3"": """", ""4"": """", ""5"": """"}",54.2493,0.0,0.0,60.0,,,-60.0,0.0
19_20-2-2-java,mut_semi,tinyllama,approach_1,run_1,0.0,{},,False,{},10.2755,0.0,0.0,60.0,,,-60.0,0.0
19_20-2-2-java,mut_semi,tinyllama,approach_1,run_2,0.0,{},,False,{},11.6502,0.0,0.0,60.0,,,-60.0,0.0
19_20-2-2-java,mut_semi,tinyllama,approach_1,run_3,0.0,{},,False,{},3.9206,0.0,0.0,60.0,,,-60.0,0.0
asym-4-java,mut_correct,tinyllama,approach_3,run_1,0.0,{},,False,{},15.4497,0.0,0.0,59.666666666666664,,,-59.666666666666664,0.0
asym-4-java,mut_correct,tinyllama,approach_3,run_2,0.0,{},,False,{},8.9352,0.0,0.0,59.666666666666664,,,-59.666666666666664,0.0
asym-4-java,mut_correct,tinyllama,approach_3,run_3,0.0,{},,False,{},8.3317,0.0,0.0,59.666666666666664,,,-59.666666666666664,0.0
asym-4-java,mut_correct,tinyllama,approach_2,run_1,0.0,{},,False,"{""1"": """", ""2"": """", ""3"": """", ""4"": """", ""5"": """", ""6"": """", ""7"": ""<one or two sentences referencing the student's actual analysiS of the functions above, not generic>\n\nQUESTION: Calculate the asymptotic worst-case running time for the given functions as a function of the length N of the input array `a`. Your answer should include a detailed analysiS of both functions. You can use Theta notation or the big-O notation with Tbounds, and your analySiS should refer to line numbers. For every loop you need to specify the number of iterations and the cost per iteration. Each step of the analySIS should be justified with one or two sentences.\n\nParts D and F: The method g() is not specified in detail as it only includes a for loop and a return statement. However, according to the given text, the time complexity of this part (the for loop) remains constant, so it's considered as part D. Part E: The method f() is also not specified in detail, but according to the text, the total cost of the for loop (which contains one array read and one comparison) is the same as the total cost of the part E, so it's considered as part E. Point 7: This point focuses on g() and how it computes the asymptotic worst-case running time of the two functions. It includes a comment explaining that Theta(1) per iteration refers to constant time operations. Overall, the rubric points are not explicitly stated, so I've provided comments explaining each section."", ""8"": ""\""Let N be the length of array a.\"" This is a specific reference to the value of \""N\"" in the text field provided.\nMARKS must be a whole number within the valid range for this point, based on the rubric requirement's given statement.\nFEEDBACK must refer to a specific line within your student's analsiis, as specified in the given text field.\nYour feeback should be specific to the student's submitted analysiis and not generic. For example: \""Part C: return s; - constant time.\"" This is an example of how you could reference a specific part of the student's analsiis that has \""C\"" in its title, such as \""return s;\"" for Part C in this case.\nFEEDBACK must be specific to the student's submitted analysiis and not generic. Here are some examples:\n- Use specific reference to a line within the student's analziis (e.g., \""Part D: scan\"") or specify how the student's code differs from other student's codes (e.g., \""Part D: use separate function for array access, instead of using the original one\"").\n- Refer to specific steps in the analyzis (e.g., \""Part E: scan for i from 0 to a.length - 1, and cost per iteration is Theta(N)\"") or explain why certain steps are important to consider (e.g., \""The fact that the loop runs i from 0 to a.length - 1 gives Theta(N) iterations\"").\n- Use specific language to describe what constitutes \""constant time\"" (e.g., \""The cost per iteration is dominated by the call g(a, k), which is Theta(log N)\"" or \""Part B (loop): ... and the body calls g(a, k) gives Theta(N) iterations.\"""", ""9"": """", ""10"": """"}",96.7585,0.0,2.3570226039551585,59.666666666666664,,,-59.666666666666664,0.2222222222222222
asym-4-java,mut_correct,tinyllama,approach_2,run_2,5.0,"{""8"": 5}",,False,"{""1"": """", ""2"": """", ""3"": """", ""4"": """", ""5"": """", ""6"": """", ""7"": """", ""8"": ""The function f has an asymptotic worst-case running time of O(N log N) as a function of its length N.\"""", ""9"": """", ""10"": """"}",142.278,0.0,2.3570226039551585,59.666666666666664,,,-59.666666666666664,0.2222222222222222
asym-4-java,mut_correct,tinyllama,approach_2,run_3,0.0,{},,False,"{""1"": """", ""2"": """", ""3"": """", ""4"": """", ""5"": """", ""6"": """", ""7"": """", ""8"": """", ""9"": """", ""10"": """"}",97.7737,0.0,2.3570226039551585,59.666666666666664,,,-59.666666666666664,0.2222222222222222
asym-4-java,mut_correct,tinyllama,approach_1,run_1,0.0,{},,False,{},12.2079,0.0,0.0,59.666666666666664,,,-59.666666666666664,0.0
asym-4-java,mut_correct,tinyllama,approach_1,run_2,0.0,{},,False,{},8.8749,0.0,0.0,59.666666666666664,,,-59.666666666666664,0.0
asym-4-java,mut_correct,tinyllama,approach_1,run_3,0.0,{},,False,{},29.5316,0.0,0.0,59.666666666666664,,,-59.666666666666664,0.0
asym-4-java,mut_wrong,tinyllama,approach_3,run_1,0.0,{},,False,{},13.0085,0.0,0.0,59.666666666666664,,,-59.666666666666664,0.0
asym-4-java,mut_wrong,tinyllama,approach_3,run_2,0.0,{},,False,{},5.0835,0.0,0.0,59.666666666666664,,,-59.666666666666664,0.0
asym-4-java,mut_wrong,tinyllama,approach_3,run_3,0.0,{},,False,{},11.3825,0.0,0.0,59.666666666666664,,,-59.666666666666664,0.0
asym-4-java,mut_wrong,tinyllama,approach_2,run_1,0.0,{},,False,"{""1"": """", ""2"": """", ""3"": """", ""4"": """", ""5"": """", ""6"": """", ""7"": """", ""8"": """", ""9"": """", ""10"": """"}",115.6013,0.0,0.0,59.666666666666664,,,-59.666666666666664,0.2222222222222222
asym-4-java,mut_wrong,tinyllama,approach_2,run_2,0.0,{},,False,"{""1"": """", ""2"": """", ""3"": """", ""4"": """", ""5"": """", ""6"": """", ""7"": """", ""8"": """", ""9"": """", ""10"": """"}",144.0437,0.0,0.0,59.666666666666664,,,-59.666666666666664,0.2222222222222222
asym-4-java,mut_wrong,tinyllama,approach_2,run_3,0.0,{},,False,"{""1"": """", ""2"": """", ""3"": """", ""4"": """", ""5"": """", ""6"": """", ""7"": """", ""8"": """", ""9"": """", ""10"": """"}",116.4,0.0,0.0,59.666666666666664,,,-59.666666666666664,0.2222222222222222
asym-4-java,mut_wrong,tinyllama,approach_1,run_1,0.0,{},,False,{},19.3767,0.0,0.0,59.666666666666664,,,-59.666666666666664,0.0
asym-4-java,mut_wrong,tinyllama,approach_1,run_2,0.0,{},,False,{},8.9771,0.0,0.0,59.666666666666664,,,-59.666666666666664,0.0
asym-4-java,mut_wrong,tinyllama,approach_1,run_3,0.0,{},,False,{},24.5621,0.0,0.0,59.666666666666664,,,-59.666666666666664,0.0
asym-4-java,mut_semi,tinyllama,approach_3,run_1,0.0,{},,False,{},13.7911,0.0,0.0,59.666666666666664,,,-59.666666666666664,0.0
asym-4-java,mut_semi,tinyllama,approach_3,run_2,0.0,{},,False,{},13.4574,0.0,0.0,59.666666666666664,,,-59.666666666666664,0.0
asym-4-java,mut_semi,tinyllama,approach_3,run_3,0.0,{},,False,{},13.8927,0.0,0.0,59.666666666666664,,,-59.666666666666664,0.0
asym-4-java,mut_semi,tinyllama,approach_2,run_1,0.0,{},,False,"{""1"": """", ""2"": """", ""3"": """", ""4"": """", ""5"": """", ""6"": """", ""7"": """", ""8"": """", ""9"": """", ""10"": """"}",118.432,0.0,0.0,59.666666666666664,,,-59.666666666666664,0.2222222222222222
asym-4-java,mut_semi,tinyllama,approach_2,run_2,0.0,{},,False,"{""1"": """", ""2"": """", ""3"": """", ""4"": """", ""5"": """", ""6"": """", ""7"": """", ""8"": """", ""9"": """", ""10"": ""The student's analysi correctly covers both functions and includes specific details about each function, including time complexity (as per the text field provided), as well as runtime performance in terms of worst-case runtime. - MARKS: The Rubric Point is a whole number within the valid range for this point (min to max), meaning 0\u201314 according to the text field provided. This means that the student has achieved the minimum score required for this point and exceeded it for this rubric point by the specified maximum mark range. With these specifics, the Rubric Point is a clear indication of how well the student's written analysi performs in terms of runtime performance.""}",107.5526,0.0,0.0,59.666666666666664,,,-59.666666666666664,0.2222222222222222
asym-4-java,mut_semi,tinyllama,approach_2,run_3,0.0,{},,False,"{""1"": """", ""2"": """", ""3"": """", ""4"": """", ""5"": """", ""6"": """", ""7"": """", ""8"": """", ""9"": """", ""10"": """"}",79.177,0.0,0.0,59.666666666666664,,,-59.666666666666664,0.2222222222222222
asym-4-java,mut_semi,tinyllama,approach_1,run_1,0.0,{},,False,{},8.5962,0.0,0.0,59.666666666666664,,,-59.666666666666664,0.0
asym-4-java,mut_semi,tinyllama,approach_1,run_2,0.0,{},,False,{},13.7794,0.0,0.0,59.666666666666664,,,-59.666666666666664,0.0
asym-4-java,mut_semi,tinyllama,approach_1,run_3,0.0,{},,False,{},28.4346,0.0,0.0,59.666666666666664,,,-59.666666666666664,0.0
19_20-2-1-java,mut_correct,tinyllama,approach_3,run_1,0.0,{},,False,{},17.732,0.0,0.0,58.666666666666664,,,-58.666666666666664,0.0
19_20-2-1-java,mut_correct,tinyllama,approach_3,run_2,0.0,{},,False,{},6.1505,0.0,0.0,58.666666666666664,,,-58.666666666666664,0.0
19_20-2-1-java,mut_correct,tinyllama,approach_3,run_3,0.0,{},,False,{},5.0991,0.0,0.0,58.666666666666664,,,-58.666666666666664,0.0
19_20-2-1-java,mut_correct,tinyllama,approach_2,run_1,0.0,{},,False,"{""1"": """", ""2"": """", ""3"": """", ""4"": """", ""5"": """", ""6"": """"}",35.4679,0.0,0.0,58.666666666666664,,,-58.666666666666664,0.0
19_20-2-1-java,mut_correct,tinyllama,approach_2,run_2,0.0,{},,False,"{""1"": """", ""2"": """", ""3"": """", ""4"": """", ""5"": """", ""6"": """"}",30.8286,0.0,0.0,58.666666666666664,,,-58.666666666666664,0.0
19_20-2-1-java,mut_correct,tinyllama,approach_2,run_3,0.0,{},,False,"{""1"": """", ""2"": """", ""3"": """", ""4"": """", ""5"": """", ""6"": """"}",51.2696,0.0,0.0,58.666666666666664,,,-58.666666666666664,0.0
19_20-2-1-java,mut_correct,tinyllama,approach_1,run_1,40.0,"{""1"": 40}",,False,"{""1"": ""The brute-force loop correctly finds the smallest common multiple for all positive inputs and passes all test cases.\nTOTALE: 40\nHEAD: [2, 3, 4] (front)\nBACK: [] (back)\n```\nAs you can see in these examples, \""enqueue(x)\"" actually removes the element at index \""x\"" from the queue, which means it updates internal tracking state accordingly and returns the removed element.""}",14.593,0.0,18.856180831641268,58.666666666666664,,,-58.666666666666664,0.0
19_20-2-1-java,mut_correct,tinyllama,approach_1,run_2,0.0,{},,False,{},4.5602,0.0,18.856180831641268,58.666666666666664,,,-58.666666666666664,0.0
19_20-2-1-java,mut_correct,tinyllama,approach_1,run_3,0.0,{},,False,{},6.4677,0.0,18.856180831641268,58.666666666666664,,,-58.666666666666664,0.0
19_20-2-1-java,mut_wrong,tinyllama,approach_3,run_1,0.0,{},,False,{},7.1057,0.0,0.0,58.666666666666664,,,-58.666666666666664,0.0
19_20-2-1-java,mut_wrong,tinyllama,approach_3,run_2,0.0,{},,False,{},17.3299,0.0,0.0,58.666666666666664,,,-58.666666666666664,0.0
19_20-2-1-java,mut_wrong,tinyllama,approach_3,run_3,0.0,{},,False,{},7.0716,0.0,0.0,58.666666666666664,,,-58.666666666666664,0.0
19_20-2-1-java,mut_wrong,tinyllama,approach_2,run_1,0.0,{},,False,"{""1"": """", ""2"": """", ""3"": """", ""4"": """", ""5"": """", ""6"": """"}",36.6606,0.0,0.0,58.666666666666664,,,-58.666666666666664,0.0
19_20-2-1-java,mut_wrong,tinyllama,approach_2,run_2,0.0,{},,False,"{""1"": """", ""2"": """", ""3"": """", ""4"": """", ""5"": """", ""6"": """"}",48.4435,0.0,0.0,58.666666666666664,,,-58.666666666666664,0.0
19_20-2-1-java,mut_wrong,tinyllama,approach_2,run_3,0.0,{},,False,"{""1"": """", ""2"": """", ""3"": """", ""4"": """", ""5"": """", ""6"": """"}",25.9412,0.0,0.0,58.666666666666664,,,-58.666666666666664,0.0
19_20-2-1-java,mut_wrong,tinyllama,approach_1,run_1,0.0,{},,False,{},2.5393,0.0,0.0,58.666666666666664,,,-58.666666666666664,0.0
19_20-2-1-java,mut_wrong,tinyllama,approach_1,run_2,0.0,{},,False,{},5.9771,0.0,0.0,58.666666666666664,,,-58.666666666666664,0.0
19_20-2-1-java,mut_wrong,tinyllama,approach_1,run_3,0.0,{},,False,{},9.671,0.0,0.0,58.666666666666664,,,-58.666666666666664,0.0
19_20-2-1-java,mut_semi,tinyllama,approach_3,run_1,0.0,{},,False,{},10.1401,0.0,0.0,58.666666666666664,,,-58.666666666666664,0.0
19_20-2-1-java,mut_semi,tinyllama,approach_3,run_2,0.0,{},,False,{},11.4467,0.0,0.0,58.666666666666664,,,-58.666666666666664,0.0
19_20-2-1-java,mut_semi,tinyllama,approach_3,run_3,0.0,{},,False,{},9.5948,0.0,0.0,58.666666666666664,,,-58.666666666666664,0.0
19_20-2-1-java,mut_semi,tinyllama,approach_2,run_1,0.0,{},,False,"{""1"": """", ""2"": """", ""3"": """", ""4"": """", ""5"": """", ""6"": """"}",33.4654,0.0,0.0,58.666666666666664,,,-58.666666666666664,0.0
19_20-2-1-java,mut_semi,tinyllama,approach_2,run_2,0.0,{},,False,"{""1"": ""The solution incremented a counter until a multiple of both a and b is found, which is O(lcm(a,b)) and far slower than the GCD-based formula used in the sample solution."", ""2"": """", ""3"": """", ""4"": """", ""5"": """", ""6"": """"}",34.4848,0.0,0.0,58.666666666666664,,,-58.666666666666664,0.0
19_20-2-1-java,mut_semi,tinyllama,approach_2,run_3,0.0,{},,False,"{""1"": """", ""2"": """", ""3"": """", ""4"": """", ""5"": """", ""6"": """"}",43.1874,0.0,0.0,58.666666666666664,,,-58.666666666666664,0.0
19_20-2-1-java,mut_semi,tinyllama,approach_1,run_1,0.0,{},,False,{},13.7292,0.0,0.0,58.666666666666664,,,-58.666666666666664,0.0
19_20-2-1-java,mut_semi,tinyllama,approach_1,run_2,0.0,{},,False,{},13.3772,0.0,0.0,58.666666666666664,,,-58.666666666666664,0.0
19_20-2-1-java,mut_semi,tinyllama,approach_1,run_3,0.0,{},,False,{},14.0084,0.0,0.0,58.666666666666664,,,-58.666666666666664,0.0
asym-5-java,mut_correct,tinyllama,approach_3,run_1,0.0,{},,False,{},26.2827,0.0,0.0,59.666666666666664,,,-59.666666666666664,0.0
asym-5-java,mut_correct,tinyllama,approach_3,run_2,0.0,{},,False,{},10.859,0.0,0.0,59.666666666666664,,,-59.666666666666664,0.0
asym-5-java,mut_correct,tinyllama,approach_3,run_3,0.0,{},,False,{},9.16,0.0,0.0,59.666666666666664,,,-59.666666666666664,0.0
asym-5-java,mut_correct,tinyllama,approach_2,run_1,0.0,{},,False,"{""1"": """", ""2"": """", ""3"": """", ""4"": """", ""5"": """", ""6"": """", ""7"": """", ""8"": """", ""9"": """", ""10"": """"}",88.9774,0.0,0.0,59.666666666666664,,,-59.666666666666664,0.2222222222222222
asym-5-java,mut_correct,tinyllama,approach_2,run_2,0.0,{},,False,"{""1"": """", ""2"": """", ""3"": """", ""4"": """", ""5"": """", ""6"": """", ""7"": """", ""8"": """", ""9"": """", ""10"": """"}",110.8951,0.0,0.0,59.666666666666664,,,-59.666666666666664,0.2222222222222222
asym-5-java,mut_correct,tinyllama,approach_2,run_3,0.0,{},,False,"{""1"": """", ""2"": """", ""3"": """", ""4"": """", ""5"": ""<one or two sentences referencing the student's actual analysias, not generic, and referring to line numbers>\n\nFor example:\n\nSAMPLE SOLUTION:\nLet N be the number of nodes in the linked list with head h.\n\nMethod f()\nPart A: int s = 0; Node p = h; - constant time.\nPart B (while loop): traverse the linked list, calling g(p) at each node. Part C: return s; - constant time.\n\nParts A and C are Theta(1).\n\nPart B (loop):\n- Iterations: in each iteration p advances by one node (p = p.next), so starting from h the loop runs exactly N times before p becomes null. Theta(N) iterations.\n- Cost per iteration: dominated by the call to g(p). In the worst case g scan(p) at each node, so Theta(1) + Theta(1) = Theta(2) iterations.\n- Total cost of Part B: summating the actual per-iteration costs gives N + (N-1) + ... + 1 = N*(N+1)/2 = Theta(2N^2).\n\nOverall running time of f():\nTheta(2N^2) for the loop overall."", ""6"": """", ""7"": """", ""8"": """", ""9"": """", ""10"": """"}",96.7001,0.0,0.0,59.666666666666664,,,-59.666666666666664,0.2222222222222222
asym-5-java,mut_correct,tinyllama,approach_1,run_1,0.0,{},,False,{},7.1456,0.0,0.0,59.666666666666664,,,-59.666666666666664,0.0
asym-5-java,mut_correct,tinyllama,approach_1,run_2,0.0,{},,False,{},9.4395,0.0,0.0,59.666666666666664,,,-59.666666666666664,0.0
asym-5-java,mut_correct,tinyllama,approach_1,run_3,0.0,{},,False,{},13.8479,0.0,0.0,59.666666666666664,,,-59.666666666666664,0.0
asym-5-java,mut_wrong,tinyllama,approach_3,run_1,0.0,{},,False,{},14.8108,0.0,0.0,59.666666666666664,,,-59.666666666666664,0.0
asym-5-java,mut_wrong,tinyllama,approach_3,run_2,0.0,{},,False,{},20.2183,0.0,0.0,59.666666666666664,,,-59.666666666666664,0.0
asym-5-java,mut_wrong,tinyllama,approach_3,run_3,0.0,{},,False,{},13.3853,0.0,0.0,59.666666666666664,,,-59.666666666666664,0.0
asym-5-java,mut_wrong,tinyllama,approach_2,run_1,0.0,{},,False,"{""1"": """", ""2"": """", ""3"": """", ""4"": """", ""5"": """", ""6"": """", ""7"": """", ""8"": """", ""9"": """", ""10"": """"}",107.3406,0.0,0.4714045207910317,59.666666666666664,,,-59.666666666666664,0.2222222222222222
asym-5-java,mut_wrong,tinyllama,approach_2,run_2,0.0,{},,False,"{""1"": """", ""2"": """", ""3"": """", ""4"": """", ""5"": """", ""6"": """", ""7"": """", ""8"": """", ""9"": """", ""10"": """"}",117.6743,0.0,0.4714045207910317,59.666666666666664,,,-59.666666666666664,0.2222222222222222
asym-5-java,mut_wrong,tinyllama,approach_2,run_3,1.0,"{""10"": 1}",,False,"{""1"": """", ""2"": """", ""3"": """", ""4"": """", ""5"": """", ""6"": """", ""7"": """", ""8"": """", ""9"": """", ""10"": ""- MARKS must be a whole number within the valid range for this point (1\u20134).\n- FEEDBACK must be specific to the student's submitted analysi, not generic.\n\nYour analysi should refer to line numbers.\n\n- For every loop you need to specify the number of iterations and the cost per iteration.\n    - Each step of the analyzi should be justified with one or two sentences.\n\n- Use Theta notation or the big-O notation with T_f(N) = Theta(N^2) as mentioned in Rule 10.""}",156.0262,0.0,0.4714045207910317,59.666666666666664,,,-59.666666666666664,0.2222222222222222
asym-5-java,mut_wrong,tinyllama,approach_1,run_1,0.0,{},,False,{},7.4583,0.0,0.0,59.666666666666664,,,-59.666666666666664,0.0
asym-5-java,mut_wrong,tinyllama,approach_1,run_2,0.0,{},,False,{},8.5617,0.0,0.0,59.666666666666664,,,-59.666666666666664,0.0
asym-5-java,mut_wrong,tinyllama,approach_1,run_3,0.0,{},,False,{},6.3837,0.0,0.0,59.666666666666664,,,-59.666666666666664,0.0
asym-5-java,mut_semi,tinyllama,approach_3,run_1,0.0,{},,False,{},32.5895,0.0,0.0,59.666666666666664,,,-59.666666666666664,0.0
asym-5-java,mut_semi,tinyllama,approach_3,run_2,0.0,{},,False,{},15.7948,0.0,0.0,59.666666666666664,,,-59.666666666666664,0.0
asym-5-java,mut_semi,tinyllama,approach_3,run_3,0.0,{},,False,{},30.376,0.0,0.0,59.666666666666664,,,-59.666666666666664,0.0
asym-5-java,mut_semi,tinyllama,approach_2,run_1,0.0,{},,False,"{""1"": """", ""2"": """", ""3"": """", ""4"": """", ""5"": """", ""6"": """", ""7"": """", ""8"": """", ""9"": """", ""10"": """"}",368.3795,0.0,0.0,59.666666666666664,,,-59.666666666666664,0.2222222222222222
asym-5-java,mut_semi,tinyllama,approach_2,run_2,0.0,{},,False,"{""1"": """", ""2"": """", ""3"": """", ""4"": """", ""5"": """", ""6"": """", ""7"": """", ""8"": """", ""9"": """", ""10"": """"}",114.9992,0.0,0.0,59.666666666666664,,,-59.666666666666664,0.2222222222222222
asym-5-java,mut_semi,tinyllama,approach_2,run_3,0.0,{},,False,"{""1"": """", ""2"": """", ""3"": """", ""4"": ""AsymQ5.f()\n- Part A: int s = 0, Node p = h;\n- - Constant time\n- Part B (while loop): traverse the list, calling g(p) at each node. - Part C: return s; - - Constant time\n- Parts A and C are Theta(1). - - Total cost of Part C: Theta(N^2) x Theta(1) = Theta(N^2)\n- Method f: Part D: int c = 0, Node q = start; - Part E (while loop): traverse the list until q becomes null. - - Iterations: q starts at start and advances by q.next each iteration. - - Cost per iteration: Theta(1) - one += assignment, one pointer advance, one null comparison. - Total cost of Part E: Theta(N) x Theta(1) = Theta(N)\n- Method g: Parts A and C are Theta(1). - Method f: Parts D and F are Theta(1). - Method g: In the worst case, start = h, so the loop visits all N nodes; the iteration count is Theta(N). - Method f: So the cost per iteration of f is some traversal cost. Multiplexing gives roughly N times the cost of g. - Method g is a while loop that goes through the linked list. - Method f is valid."", ""5"": """", ""6"": """", ""7"": """", ""8"": """", ""9"": """", ""10"": """"}",86.3385,0.0,0.0,59.666666666666664,,,-59.666666666666664,0.2222222222222222
asym-5-java,mut_semi,tinyllama,approach_1,run_1,0.0,{},,False,{},5.8359,0.0,0.0,59.666666666666664,,,-59.666666666666664,0.0
asym-5-java,mut_semi,tinyllama,approach_1,run_2,0.0,{},,False,{},6.1644,0.0,0.0,59.666666666666664,,,-59.666666666666664,0.0
asym-5-java,mut_semi,tinyllama,approach_1,run_3,0.0,{},,False,{},19.7194,0.0,0.0,59.666666666666664,,,-59.666666666666664,0.0
19_20-4-1-java,mut_correct,tinyllama,approach_3,run_1,0.0,{},,False,{},7.2316,0.0,0.0,58.333333333333336,,,-58.333333333333336,0.0
19_20-4-1-java,mut_correct,tinyllama,approach_3,run_2,0.0,{},,False,{},7.5566,0.0,0.0,58.333333333333336,,,-58.333333333333336,0.0
19_20-4-1-java,mut_correct,tinyllama,approach_3,run_3,0.0,{},,False,{},11.7159,0.0,0.0,58.333333333333336,,,-58.333333333333336,0.0
19_20-4-1-java,mut_correct,tinyllama,approach_2,run_1,0.0,{},,False,"{""1"": """", ""2"": """", ""3"": """", ""4"": """", ""5"": """"}",16.1251,0.0,0.9428090415820634,58.333333333333336,,,-58.333333333333336,0.5555555555555556
19_20-4-1-java,mut_correct,tinyllama,approach_2,run_2,0.0,{},,False,"{""1"": """", ""2"": """", ""3"": """", ""4"": ""- Output only the two lines above \u2014 no preamble, no summary, no extra text\n\nRULES:\n- MARKS must be a whole number within the valid range for this point (i.e., 0\u201315)\n- FEEDBACK must be specific to the student's submitted code, not generic"", ""5"": """"}",24.6207,0.0,0.9428090415820634,58.333333333333336,,,-58.333333333333336,0.5555555555555556
19_20-4-1-java,mut_correct,tinyllama,approach_2,run_3,2.0,"{""4"": 2}",,False,"{""1"": """", ""2"": """", ""3"": """", ""4"": ""The seaRCH trees for \""nodes\"" can be built using the following rules:\n- A \""Node\"" object has an integer key, a Node object with two child nodes (\""left\"" and \""right\"") of any other node object, and a parent node.\n- The function \""insert\"" inserts a new \""Node\"" at position (x = root, insert.key < x.key) into the tree using a recursive search, returning the root node.\n- An \""insert\"" method for a given node can be implemented by traversing the tree from the root down and setting the parent node to the one found during traversal (using the \""parent\"" attribute). The function then returns the root node.\nThis implementation satisfies the rubric points (MARKS) in that it outputs two line marks: MARKS: 0 FEEDBACK: The seaRCH trees for \""nodes\"" can be built using these rules: A \""Node\"" object has an integer key, a Node object with two child nodes (\""left\"" and \""right\"") of any other node object, and a parent node. - A \""insert\"" method for a given node can be implemented recursively by setting the parent to the one found during traversal (y) using the \""parent\"" attribute. This function then returns the root node."", ""5"": """"}",20.7298,0.0,0.9428090415820634,58.333333333333336,,,-58.333333333333336,0.5555555555555556
19_20-4-1-java,mut_correct,tinyllama,approach_1,run_1,0.0,{},,False,{},7.6842,0.0,0.0,58.333333333333336,,,-58.333333333333336,0.0
19_20-4-1-java,mut_correct,tinyllama,approach_1,run_2,0.0,{},,False,{},5.3003,0.0,0.0,58.333333333333336,,,-58.333333333333336,0.0
19_20-4-1-java,mut_correct,tinyllama,approach_1,run_3,0.0,{},,False,{},15.0114,0.0,0.0,58.333333333333336,,,-58.333333333333336,0.0
19_20-4-1-java,mut_wrong,tinyllama,approach_3,run_1,0.0,{},,False,{},7.576,0.0,0.0,58.333333333333336,,,-58.333333333333336,0.0
19_20-4-1-java,mut_wrong,tinyllama,approach_3,run_2,0.0,{},,False,{},14.1495,0.0,0.0,58.333333333333336,,,-58.333333333333336,0.0
19_20-4-1-java,mut_wrong,tinyllama,approach_3,run_3,0.0,{},,False,{},7.5709,0.0,0.0,58.333333333333336,,,-58.333333333333336,0.0
19_20-4-1-java,mut_wrong,tinyllama,approach_2,run_1,0.0,{},,False,"{""1"": """", ""2"": """", ""3"": """", ""4"": """", ""5"": """"}",47.2874,0.0,0.0,58.333333333333336,,,-58.333333333333336,0.5555555555555556
19_20-4-1-java,mut_wrong,tinyllama,approach_2,run_2,0.0,"{""4"": 0}",,False,"{""1"": """", ""2"": """", ""3"": """", ""4"": ""The code implements a simple binary search algorithm in Java to perform a search for a given key in a sorted array. The implementation uses the same idea as the lecture, but instead of using binary heap, it uses a binary search tree.\nRUBRIC POINT:\n\n1. Code is written using appropriate naming conventions and follows best practices (valid range 0\u201315)\n2. Use of appropriate functions and data structures (Node, Heap) are properly described\n3. The algorithm performs as expected for a sorted array with the given key\n4. Insertion of new element into the search tree is implemented correctly (upward link established for each node found during traversal)\n5. Avoid using unnecessary variables or redundant code (all relevant parameters passed to insert method, no duplicate calculations)\n6. Use appropriate comments explaining how the code works and why (inserts/deletes are performed in a binary search manner, upward links established for each node found during traversal)\n7. Pass/fail criteria is specified and follows logical flow (insertion of new element into search tree is implemented correctly)\n8. Ensure proper error handling with appropriate messages (all relevant parameters passed to insert method are checked, no invalid data passed)\n9. The code uses appropriate variable names for clarity and readability (no unnecessary or meaningless variables used)\n10. The code is well-documented with comments explaining how each section works (insert/delete methods are commented)"", ""5"": """"}",45.1893,0.0,0.0,58.333333333333336,,,-58.333333333333336,0.5555555555555556
19_20-4-1-java,mut_wrong,tinyllama,approach_2,run_3,0.0,{},,False,"{""1"": ""<one or two sentences referencing the searched node>). The search method should be implemented in a way that guarantees efficiency and maintainability. The function should not alter the original tree structure during the search process."", ""2"": """", ""3"": ""1. Correctness of implementation, including appropriate comments and use of proper coding conventions.\n2. Clarity in the function name and explanation of its purpose.\n3. Compatibility with the rubric point's description.\n4. Ground rules for output format, including specificity and conciseness.\n5. Implementation detail, such as naming conventions and data structures used.\n6. Effectiveness in implementing the solution to the problem at hand, taking into account factors like efficiency, time complexity, and space complexity.\n7. Incorporation of relevant resources or references, if applicable, for better understanding of the topic."", ""4"": """", ""5"": """"}",28.1969,0.0,0.0,58.333333333333336,,,-58.333333333333336,0.5555555555555556
19_20-4-1-java,mut_wrong,tinyllama,approach_1,run_1,0.0,{},,False,{},2.6014,0.0,0.0,58.333333333333336,,,-58.333333333333336,0.0
19_20-4-1-java,mut_wrong,tinyllama,approach_1,run_2,0.0,{},,False,{},1.0421,0.0,0.0,58.333333333333336,,,-58.333333333333336,0.0
19_20-4-1-java,mut_wrong,tinyllama,approach_1,run_3,0.0,{},,False,{},1.9894,0.0,0.0,58.333333333333336,,,-58.333333333333336,0.0
19_20-4-1-java,mut_semi,tinyllama,approach_3,run_1,0.0,{},,False,{},23.7758,0.0,0.0,58.333333333333336,,,-58.333333333333336,0.0
19_20-4-1-java,mut_semi,tinyllama,approach_3,run_2,0.0,{},,False,{},9.8415,0.0,0.0,58.333333333333336,,,-58.333333333333336,0.0
19_20-4-1-java,mut_semi,tinyllama,approach_3,run_3,0.0,{},,False,{},8.0874,0.0,0.0,58.333333333333336,,,-58.333333333333336,0.0
19_20-4-1-java,mut_semi,tinyllama,approach_2,run_1,0.0,"{""1"": 0, ""2"": 0}",,False,"{""1"": ""The solution incrementing a counter until a multiple of both a and b is O(lcm(a,b)). This should ensure that the mark and feedback are specific to the student's submitted code.\n\nRule 2: Marks should be a whole number within the valid range (0\u201325).\n\nRule 3: Feedback should be specific to the student's submitted code, not generic.\n\nOutput example:\nMARKS: 0\nFEEDBACK: The solution incrementing a counter until a multiple of both a and b is O(lcm(a,b))"", ""2"": ""The solution increments a counter until a multiple of both a and b is found, which is O(lcm(a,b)) and far slower than the GCD-based formula used in the sample solution."", ""3"": """", ""4"": """", ""5"": """"}",19.3686,0.0,0.0,58.333333333333336,,,-58.333333333333336,0.5555555555555556
19_20-4-1-java,mut_semi,tinyllama,approach_2,run_2,0.0,{},,False,"{""1"": """", ""2"": """", ""3"": """", ""4"": """", ""5"": """"}",9.0981,0.0,0.0,58.333333333333336,,,-58.333333333333336,0.5555555555555556
19_20-4-1-java,mut_semi,tinyllama,approach_2,run_3,0.0,{},,False,"{""1"": """", ""2"": """", ""3"": """", ""4"": """", ""5"": """"}",19.7497,0.0,0.0,58.333333333333336,,,-58.333333333333336,0.5555555555555556
19_20-4-1-java,mut_semi,tinyllama,approach_1,run_1,0.0,{},,False,{},5.5698,0.0,0.0,58.333333333333336,,,-58.333333333333336,0.0
19_20-4-1-java,mut_semi,tinyllama,approach_1,run_2,0.0,{},,False,{},8.1817,0.0,0.0,58.333333333333336,,,-58.333333333333336,0.0
19_20-4-1-java,mut_semi,tinyllama,approach_1,run_3,0.0,{},,False,{},11.7209,0.0,0.0,58.333333333333336,,,-58.333333333333336,0.0
asym-2-java,mut_correct,tinyllama,approach_3,run_1,0.0,{},,False,{},7.1183,0.0,0.0,56.333333333333336,,,-56.333333333333336,0.0
asym-2-java,mut_correct,tinyllama,approach_3,run_2,0.0,{},,False,{},8.6638,0.0,0.0,56.333333333333336,,,-56.333333333333336,0.0
asym-2-java,mut_correct,tinyllama,approach_3,run_3,0.0,{},,False,{},11.5031,0.0,0.0,56.333333333333336,,,-56.333333333333336,0.0
asym-2-java,mut_correct,tinyllama,approach_2,run_1,0.0,{},,False,"{""1"": """", ""2"": """", ""3"": """", ""4"": """", ""5"": """", ""6"": """", ""7"": """", ""8"": """", ""9"": """", ""10"": """"}",110.3048,0.0,1.8856180831641267,55.0,0.0,0.11111111111111116,-55.0,0.4444444444444444
asym-2-java,mut_correct,tinyllama,approach_2,run_2,4.0,"{""7"": 4}",,False,"{""1"": """", ""2"": """", ""3"": """", ""4"": """", ""5"": """", ""6"": """", ""7"": ""As you can see from our provided text section, these rubrics cover the topic of assessing the student's written asymptotic-complexity analysi. The rubric points below are based on a sample solution, with detailed analyses for each step (as functions).\n\n1. Assign MARKS to each point (4) and FEEDBACK to each feedback sentence (specific to the student's submitted analysi).\n2. Write the output according to our provided text section.\n3. Use Theta notation or the big-O notation with tiith bounds for every loop you need to specify the number of iterations and the cost per iteration.\n4. Each step of the analysi should be justified with one or two sentences.\n5. Write a detailed analysi based on M and N (as defined in our provided text section).\n6. Your answer should include a dedicated line number, as well as a sentence that explains the cost per iteration for each part of your analysi (part A, B, E, F).\n7. Each part should have its own MARKS (cost per iteration).\n8. Parts D and F should have their respective MARKS in addition to parts A and B.\n9. The overall running time of the function should be calculated and included as FEEDBACK for both your student's analysis and our provided text section.\n10. For each loop (i), the output should be based on g() function, which should have its MARKS assigned accordingly."", ""8"": """", ""9"": """", ""10"": """"}",111.0524,0.0,1.8856180831641267,55.0,0.0,0.11111111111111116,-55.0,0.4444444444444444
asym-2-java,mut_correct,tinyllama,approach_2,run_3,0.0,{},,False,"{""1"": """", ""2"": """", ""3"": """", ""4"": """", ""5"": """", ""6"": """", ""7"": """", ""8"": """", ""9"": """", ""10"": """"}",111.3536,0.0,1.8856180831641267,55.0,0.0,0.11111111111111116,-55.0,0.4444444444444444
asym-2-java,mut_correct,tinyllama,approach_1,run_1,0.0,{},,False,{},14.2949,0.0,0.0,56.333333333333336,,,-56.333333333333336,0.0
asym-2-java,mut_correct,tinyllama,approach_1,run_2,0.0,{},,False,{},7.6408,0.0,0.0,56.333333333333336,,,-56.333333333333336,0.0
asym-2-java,mut_correct,tinyllama,approach_1,run_3,0.0,{},,False,{},21.131,0.0,0.0,56.333333333333336,,,-56.333333333333336,0.0
asym-2-java,mut_wrong,tinyllama,approach_3,run_1,0.0,{},,False,{},13.8533,0.0,0.0,56.333333333333336,,,-56.333333333333336,0.0
asym-2-java,mut_wrong,tinyllama,approach_3,run_2,0.0,{},,False,{},15.1436,0.0,0.0,56.333333333333336,,,-56.333333333333336,0.0
asym-2-java,mut_wrong,tinyllama,approach_3,run_3,0.0,{},,False,{},15.1082,0.0,0.0,56.333333333333336,,,-56.333333333333336,0.0
asym-2-java,mut_wrong,tinyllama,approach_2,run_1,15.0,"{""6"": 15}",,False,"{""1"": """", ""2"": """", ""3"": """", ""4"": """", ""5"": """", ""6"": ""\""The student has written a correct analysis of the functions f and g for the given tasks.\"""", ""7"": """", ""8"": """", ""9"": """", ""10"": """"}",87.9329,0.0,7.0710678118654755,55.0,0.0,0.11111111111111116,-55.0,0.4444444444444444
asym-2-java,mut_wrong,tinyllama,approach_2,run_2,0.0,{},,False,"{""1"": """", ""2"": """", ""3"": """", ""4"": """", ""5"": """", ""6"": """", ""7"": """", ""8"": """", ""9"": """", ""10"": """"}",66.6041,0.0,7.0710678118654755,55.0,0.0,0.11111111111111116,-55.0,0.4444444444444444
asym-2-java,mut_wrong,tinyllama,approach_2,run_3,0.0,{},,False,"{""1"": """", ""2"": """", ""3"": """", ""4"": """", ""5"": """", ""6"": """", ""7"": """", ""8"": """", ""9"": """", ""10"": """"}",106.6285,0.0,7.0710678118654755,55.0,0.0,0.11111111111111116,-55.0,0.4444444444444444
asym-2-java,mut_wrong,tinyllama,approach_1,run_1,0.0,{},,False,{},8.6274,0.0,0.0,56.333333333333336,,,-56.333333333333336,0.0
asym-2-java,mut_wrong,tinyllama,approach_1,run_2,0.0,{},,False,{},5.1607,0.0,0.0,56.333333333333336,,,-56.333333333333336,0.0
asym-2-java,mut_wrong,tinyllama,approach_1,run_3,0.0,{},,False,{},11.89,0.0,0.0,56.333333333333336,,,-56.333333333333336,0.0
asym-2-java,mut_semi,tinyllama,approach_3,run_1,0.0,{},,False,{},10.3195,0.0,0.0,56.333333333333336,,,-56.333333333333336,0.0
asym-2-java,mut_semi,tinyllama,approach_3,run_2,0.0,{},,False,{},23.3667,0.0,0.0,56.333333333333336,,,-56.333333333333336,0.0
asym-2-java,mut_semi,tinyllama,approach_3,run_3,0.0,{},,False,{},9.1727,0.0,0.0,56.333333333333336,,,-56.333333333333336,0.0
asym-2-java,mut_semi,tinyllama,approach_2,run_1,0.0,{},,False,"{""1"": """", ""2"": """", ""3"": """", ""4"": """", ""5"": """", ""6"": """", ""7"": """", ""8"": """", ""9"": """", ""10"": """"}",52.9221,4.0,1.8856180831641267,55.0,0.0,0.11111111111111116,-55.0,0.4444444444444444
asym-2-java,mut_semi,tinyllama,approach_2,run_2,4.0,"{""9"": 4}",,False,"{""1"": ""- Marks must be a whole number within the valid range for this point.\n       - MARKS must refer to line numbers.\n       - Each step of the analyzi is justified with one or two sentences.\n\nAsymQ2 (f(a, b))\n   Public final class AsymQ2 {\n      // `a` has length M; `b` is sorted ascending and has length N.\n      // Your analyzi must be based on M and N.\n      public static int f(int[] a, int[] b) {\n          int m = a.length;\n          int s = 0;\n          for (int I = 0; I < m; i++) {\n              int t = g(b, a[i]);\n              if (t >= 0) s += t;\n          }\n          return s;\n      }\n      \n      private static int g(int[] b, int x) {\n          int l = 0; // Iterations\n          int r = b.length - 1; // Total number of iterations\n          while (l <= r) { // Parts A and B\n              int mid = (l + r) / 2; // Part C loop\n              if (b[mid] == x) return mid; // If x is present in array b, return its index\n              else if (b[mid] < x) l = mid + 1; // If the comparison favors part B, move to the next iteration\n              else r = mid - 1; // If it doesn't, go back to the previous iteration and decrease the loop index\n          }\n          return -1; // If no match is found (i.e., x was not in b), return -1 to signal an error\n      }\n   }\n\nHere, MARKS must refer to line numbers and each part of AsymQ2's analyzi should be specific to the student's submitted answers. The first section refers to the student's loop (Part A) and their function call in Part C. MARK 3 describes the function that is being referred to, along with its arguments (`m` and `n`). MARK 6 explains the specificity of the step from `i` = 0 to `l`, as well as the cost per iteration (which is Theta(log N)). Finally, MARK 8 provides an explanation for each part's cost, including Theath(log N) and a reference to its line number (e.g., in a text field)."", ""2"": """", ""3"": """", ""4"": """", ""5"": """", ""6"": """", ""7"": """", ""8"": """", ""9"": ""As per our requirements, here is a specific feedback sentence that accurately reflects the student's actual analysis of the given functions:\n\nAsymQ2:\nMethod f:\nPart A (for loop): The time complexity of Part A is O(M) because each iteration (i.e., the length of array 'a') takes constant time. This follows from the fact that each element in the array can be accessed through a linear search, which takes logarithmic time to find.\n\nPart B (loop): The time complexity of Part B is O(M * log N) since it involves iterating over all possible combinations of i = 0..M-1. This follows from the fact that each operation (e.g., binary search on an array) takes logarithmic time to perform.\n\nPart C: The overall worst-case runtime of Part C is O(log N), which is within our valid range of M <= logN, as mentioned in the rubric point.\n\nAs per our requirements, here is a detailed breakdown of each part of the analyzis and explanations for how to improve further:\n\nPart A (for loop): The time complexity of Part A is O(M) because each iteration (i.e., the length of array 'a') takes constant time. This follows from the fact that each element in the array can be accessed through a linear search, which takes logarithmic time to find.\n\nAs per our requirements, here is an additional breakdown of this part:\n\n- Iterations: The linear search involves finding each element in the array using a binary search, which takes constant time (log2 N) to perform. This is because each element of the array can be found by comparing its index with the current midpoint, so we only need to compare it with its next sibling if the comparison leads to an \""inside loop\"" and to its left if it leads to an \""outside loop\"".\n\n- Time complexity of Part B (loop): This part is already covered in the previous sentence. We just want to mention that, given an array of length M, Part B can be written as follows:\n  - Iteration: The binary search in Part C is executed at most logarithmic times (log N) because it involves iterating over all possible combinations of I = 0..M-1. Each possible combination (i.e., the union of all subsets [0..M-1]) takes constant time to find (since each subset contains only one element), so we can iterate over it in logarithmic time.\n\nAs per our requirements, here is a detailed breakdown of Part C and an explanation for how to improve further:\n\nPart C: The overall worst-case runtime of Part C is O(log N) because each possible combination (i.e., the union of all subsets [0..M-1]) takes logarithmic time to find, which follows from the fact that it contains only one element.\n\nIn summary, our breakdown of each part includes:\n\n- Part A (for loop): Iterations: The linear search involves finding each element in the array using a binary search, which takes constant time (log2 N) to perform. We also want to mention that this analysis can be improved further by exploring more complex operations, such as partial sorting or median of medians algorithms.\n- Part B (loop): The time complexity of Part B is O(log N), which follows from the previous explanation. This analysis can be improved further by exploring more complex operations and finding optimal search algorithms with less iterations."", ""10"": """"}",76.2319,4.0,1.8856180831641267,55.0,0.0,0.11111111111111116,-55.0,0.4444444444444444
asym-2-java,mut_semi,tinyllama,approach_2,run_3,4.0,"{""4"": 4}",,False,"{""1"": """", ""2"": """", ""3"": """", ""4"": ""MARKS must be a whole number within the valid range for this point, with no extra text. The MARKS should refer to line numbers as shown in the provided text field. The student has written an answer that is based on M and N, with each loop iterating over array `a` and the length of sorted array `b`.\n\nTheir work consists of two functions `f()` and `g()`, each of which contains a single for loop and a binary search (g() calls `g(b, a[i]))), where i goes from 0 to m. Inside the loops, they call `g()` and add one to the index of the searched element in `b`.\n\nEach loop has an initialization step and a comparison step that dominates Theta(1) for all inputs. Additionally, their binary seaicse search with each iteration costs Theta(log N).\n\nTheir total time cost is approximately M * cost_of_g, which is within the valid range of 0-12 for this point.\n\nThis is based on the text provided and the rubric points stated in that file."", ""5"": """", ""6"": """", ""7"": """", ""8"": """", ""9"": """", ""10"": """"}",90.7635,4.0,1.8856180831641267,55.0,0.0,0.11111111111111116,-55.0,0.4444444444444444
asym-2-java,mut_semi,tinyllama,approach_1,run_1,0.0,{},,False,{},19.9209,0.0,0.0,56.333333333333336,,,-56.333333333333336,0.0
asym-2-java,mut_semi,tinyllama,approach_1,run_2,0.0,{},,False,{},13.1941,0.0,0.0,56.333333333333336,,,-56.333333333333336,0.0
asym-2-java,mut_semi,tinyllama,approach_1,run_3,0.0,{},,False,{},8.0907,0.0,0.0,56.333333333333336,,,-56.333333333333336,0.0
asym-3-java,mut_correct,tinyllama,approach_3,run_1,0.0,{},,False,{},23.38,0.0,0.0,59.333333333333336,,,-59.333333333333336,0.0
asym-3-java,mut_correct,tinyllama,approach_3,run_2,0.0,{},,False,{},21.3701,0.0,0.0,59.333333333333336,,,-59.333333333333336,0.0
asym-3-java,mut_correct,tinyllama,approach_3,run_3,0.0,{},,False,{},12.3403,0.0,0.0,59.333333333333336,,,-59.333333333333336,0.0
asym-3-java,mut_correct,tinyllama,approach_2,run_1,4.0,"{""1"": 4}",,False,"{""1"": ""\""Write a detailed analyis for AsymQ3, including both function and student solutions.\""\n\""Method f: Part A (int n = mat.length; part B): Combination of nested loops over i, j, with constant time.\""\nPart C: Return s + t (as Theta(1) in each case). \""Method g: Part D: Matrix G: Part E for loop along diagonal; return t (as Theta(1) in each case).\""\nTotal running time of both functions: Theta(N^2).\n\nPoint 2 - Referencing line numbers. \""Line numbers refer consistently throughout.\""\nPoint 3 - Writing analysis in Theath format. \""Both functions written as part of the rubric point (no preambles, no summary, no extra text).\""\nPoint 4 - Feedback on code splitting and referencing line numbers. \""Parts A and B are separated with line references.\""\nPoint 5 - Correctness analysis. \""Functions correctly analyse matrix and input matrices, with appropriate feedback for each.\"""", ""2"": ""Line 4: Assign a numeric mark for this rubric point with its title \""AsymQ3\"" and description \""Calculate the asymptotic worst case running time of the functions above, as a function of the side length N of the input matrix `mat` (which is N x N). Include detailed analyzi of both functions. This rubric point describes only two lines of output (`Line 4`) which include a detailed analyzi of both functions. FEEDBACK must be specific to the student's submitted analysi, not generic.\""\n\nMARK 2: Line 8: Assign a numeric mark for this rubric point with its title \""AsymQ3\"" and description \""Point 2 \u2014 Constant-time non-loop code in f and g is Theta(1). Include detailed analization of all non-loop code, i.e., the body of the functions.\""\n\nFEEDBACK:\nLine 8: Assign a numeric mark for this rubric point with its title \""AsymQ3\"" and description \""Point 2 \u2014 Constant-time non-loop code in f and g is Theta(1). Include detailed analization of all non-loop code, i.e., the body of the functions.\""\n\nMARK 3: Line 14: Assign a numeric mark for this rubric point with its title \""AsymQ3\"" and description \""Point 2 \u2014 Constant-time non-loop code in f and g is Theta(1). Include detailed analization of all non-loop code, i.e., the body of the functions.\""\n\nFEEDBACK:\nLine 14: Assign a numeric mark for this rubric point with its title \""AsymQ3\"" and description \""Point 2 \u2014 Constant-time non-loop code in f and g is Theta(1). Include detailed analization of all non-loop code, i.e., the body of the functions.\""\n\nMARK 4: Line 20: Assign a numeric mark for this rubric point with its title \""AsymQ3\"" and description \""Point 2 \u2014 Constant-time non-loop code in f and g is Theta(1). Include detailed analization of all non-loop code, i.e., the body of the functions.\""\n\nFEEDBACK:\nLine 20: Assign a numeric mark for this rubric point with its title \""AsymQ3\"" and description \""Point 2 \u2014 Constant-time non-loop code in f and g is Theta(1). Include detailed analization of all non-loop code, i.e., the body of the functions.\""\n\nMARK 5: Line 28: Assign a numeric mark for this rubric point with its title \""AsymQ3\"" and description \""Point 2 \u2014 Constant-time non-loop code in f and g is Theta(1). Include detailed analization of all non-loop code, i.e., the body of the functions.\""\n\nFEEDBACK:\nLine 28: Assign a numeric mark for this rubric point with its title \""AsymQ3\"" and description \""Point 2 \u2014 Constant-time non-loop code in f and g is Theta(1). Include detailed analization of all non-loop code, i.e., the body of the functions.\"""", ""3"": """", ""4"": """", ""5"": """", ""6"": """", ""7"": """", ""8"": ""<one or two sentences referencing the student's actual analysi&s>\n\nThe following analysis by A is based on N, and includes a detailed analysis for each loop. Note that the Theta notation is used throughout.\n\nStudent 1:\nMethod f\nPart A: int n = mat.lengt; int s = 0; Part B (nested loops over I, J): inner loop runs from j = i to j = N-1 giving (N - I) iterations. Total = N + (N-1) + ... + I = Theta(N^2).\nCost per iteration: Theta(1) - one matrix access mat[i][j] and one += assignment, plus loop checks and increments. Total cost of Part B: Theta(N^2) x Theta(1) = Theta(N^2). Cost of g (for loop along the diagonal): single loop over I from 0 to N-1. Total = Theta(N) = Theta(N). Total cost of Part C: Theta(N).\nPart C:\nOverall running time of f: Theta(1) (Part A) + Theta(N^2) (Part B) + Theta(N) (Part C) = Theta(N^2). Cost of g: single loop over I from 0 to N-1. Total = Theta(N) = Theta(N).\nOverall running time of g: Theta(1) + Theta(N) + Theta(1) = Theta(N). STUDENT 2:\nMethod f\nPart A: int n = mat.lengt; int s = 0; Part B (nested loops over I, J): inner loop runs from j = i to j = N-1 giving (N - I) iterations. Total = N + (N-1) + ... + I = Theta(N^2).\nCost per iteration: Theta(1) - one matrix access mat[i][j] and one += assignment, plus loop checks and increments. Total cost of Part B: Theta(N^2) x Theta(1) = Theta(N^2). Cost of g (for loop along the diagonal): single loop over I from 0 to N-1. Total = Theta(N) = Theta(N). Total cost of Part C: Theta(N) = Theta(N^2).\nOverall running time of g: Theta(1) + Theta(N) + Theta(1) = Theta(N)^2. STUDENT 3:\nMethod f\nPart A: int n = mat.lengt; int s = 0; Part B (nested loops over I, J): inner loop runs from j = i to j = N-1 giving (N - I) iterations. Total = N + (N-1) + ... + I = Theta(N^2).\nCost per iteration: Theta(1) - one matrix access mat[i][j] and one += assignment, plus loop checks and increments. Total cost of Part B: Theta(N^2) x Theta(1) = Thetheta(N^2). Cost of g (for loop along the diagonal): single loop over I from 0 to N-1. Total = Theta(N) = Thetheta(N). Total cost of Part C: Thetheta(N) = Thetha(N). Overall running time of g: Thetheta(1) + Thetheta(N) + Theta(1) = Thetheta(N)^2. STUDENT 4:\nMethod f\nPart A: int n = mat.lengt; int s = 0; Part B (nested loops over I, J): inner loop runs from j = i to j = N-1 giving (N - I) iterations. Total = N + (N-1) + ... + I = Theta(N^2).\nCost per iteration: Theta(1) - one matrix access mat[i][j] and one += assignment, plus loop checks and increments. Total cost of Part B: Thetheta(N^2) x Thetheta(1) = Thetheta(N^2). Cost of g (for loop along the diagonal): single loop over I from 0 to N-1. Total = Theta(N) = Thetheta(N). Total cost of Part C: Thetheta(N) = Thetha(N). Overall running time of g: Thetheta(1) + Thetheta(N) + Thetheta(1) = Thethe(N)^2. STUDENT 5:\nMethod f\nPart A: int n = mat.lengt; int s = 0; Part B (nested loops over I, J): inner loop runs from j = i to j = N-1 giving (N - I) iterations. Total = N + (N-1) + ... + I = Thetheta(N^2).\nCost per iteration: Theta(1) - one matrix access mat[i][j] and one += assignment, plus loop checks and increments. Total cost of Part B: Thetheta(N^2) x Thetheta(1) = Thetheta(N^2). Cost of g (for loop along the diagonal): single loop over I from 0 to N-1. Total = Thetheta(N) = Theta(N). Total cost of Part C: Thetheta(N) = Thetheta(N)^2. Overall running time of g: Thetheta(1) + Thetheta(N) + Thetheta(1) = Thethe(N)^2. STUDENT 6:\nMethod f\nPart A: int n = mat.lengt; int s = 0; Part B (nested loops over I, J): inner loop runs from j = i to j = N-1 giving (N - I) iterations. Total = N + (N-1) + ... + I = Thetheta(N^2).\nCost per iteration: Theta(1) - one matrix access mat[i][j] and one += assignment, plus loop checks and increments. Total cost of Part B: Thetheta(N^2) x Thetheta(1) = Thetheta(N^2). Cost of g (for loop along the diagonal): single loop over I from 0 to N-1. Total = Thetheta(N) = Thetheta(N)^2. Total cost of Part C: Thetheta(N) = Thethe(N)^2. Overall running time of g: Thetheta(1) + Thetheta(N) + Thetheta(1) = Thethe(N)^2."", ""9"": """", ""10"": """", ""11"": """"}",126.1115,0.0,1.8856180831641267,59.333333333333336,,,-59.333333333333336,0.3333333333333333
asym-3-java,mut_correct,tinyllama,approach_2,run_2,0.0,{},,False,"{""1"": """", ""2"": """", ""3"": """", ""4"": """", ""5"": """", ""6"": """", ""7"": """", ""8"": """", ""9"": ""- Feature: The student's answer must provide a detailed and specific analysis of both functions, highlighting the main advantages and disadvantages of each function.\n- Clarity: The answer should be written in the text field provided and provide a single, precise description of the actual analysi, with no repetition or ambiguity.\n\nRUBRIC POINT:\n- Rule: A score of 7 or higher is considered a high grade for this rubric point.\n- Feedback sentence: A specific and detailed explanation of the student's work;\n  1. Provides an accurate overview of the student's actual analysi, with no repetition or misinformation of what has been previously provided.\n  2. Grants credit for what was actually done.\n- Summary (up to 50 words): A concise and clear summary of the student's work, including a single and accurate overview of their actual analysi, with no repetition or misinformation of what has been previously provided."", ""10"": """", ""11"": """"}",113.0898,0.0,1.8856180831641267,59.333333333333336,,,-59.333333333333336,0.3333333333333333
asym-3-java,mut_correct,tinyllama,approach_2,run_3,0.0,{},,False,"{""1"": """", ""2"": """", ""3"": """", ""4"": """", ""5"": """", ""6"": """", ""7"": """", ""8"": """", ""9"": """", ""10"": ""- This code snippet calculates asymptotic worst-case running time of functions f and g as a function of the side length N. The SAMPLE SOLUTION describes this runtime in detail with one or two sentences. Specifically, it refers to \""part A\"" (an N x N matrix) and \""part B (nested loops over i, j)\"" for each loop, which refers to the cost per iteration of the inner loop running from i=0 to N-1.\n- The text mentions that these loops run N+i iterations with \""n = mat.length\"". This suggests that the outer loop is nested and runs (N - I) + 1 iterations for each inner loop execution, which would lead to an overall cost of Theta(N^2). However, the SAMPLE SOLUTION does not mention any nested loops or the cost of any nested loops.\n- The text also mentions that \""Part C: inner loop runs from j = i to j = N-1.\"" This suggests that for the given matrix, Part C would execute for the first part of each outer loop (i = 0 to N-2). However, again, the SAMPLE SOLUTION does not mention any nested loops or the cost of these inner loop iterations.\n- The text mentions that \""Part F: one call to g and constant work.\"" This suggests that the g function would be executed once with no additional work, which would result in a fixed overhead of Theta(1). However, again, the SAMPLE SOLUTION does not mention any calls to g or any additional work.\n- Finally, the text mentions that \""Partes A and B (nested loops)\"" refers only to the inner loop with each nested loop running for a total of N+i iterations with I starting at 0. However, again, the SAMPLE SOLUTION does not mention any nested loops or the cost of these inner loop iterations.\n\nSPECIFIC FEEDBACK:\n- The text mentions that \""Part A: single loop over i from 0 to N-1.\"" This suggests that for the given matrix, Part A would execute a single outer loop (i = 0 to N-1), which would result in an asymptotic worst-case cost of O(N^2). However, again, the SAMPLE SOLUTION does not mention any nested loops or the cost of these outer loop iterations.\n- The text mentions that \""Part B (nested loops)\"" refers to each inner loop executed for a total of n=N+i iterations with I starting at 0. However, again, the SAMPLE SOLUTION does not mention any nested loops or the cost of these inner loop iterations.\n- Finally, the text mentions that \""Part C: summation over N\"" refers to each outer loop executed for a total of N+i iterations with I starting at 0. However, again, the SAMPLE SOLUTION does not mention any nested loops or the cost of these inner loop iterations.\n\nOverall, this code snippet meets all criteria except for the nested loop section, which may result in a small additional overhead due to repeated calls to g."", ""11"": """"}",94.0976,0.0,1.8856180831641267,59.333333333333336,,,-59.333333333333336,0.3333333333333333
asym-3-java,mut_correct,tinyllama,approach_1,run_1,0.0,{},,False,{},4.7668,0.0,0.0,59.333333333333336,,,-59.333333333333336,0.0
asym-3-java,mut_correct,tinyllama,approach_1,run_2,0.0,{},,False,{},45.2453,0.0,0.0,59.333333333333336,,,-59.333333333333336,0.0
asym-3-java,mut_correct,tinyllama,approach_1,run_3,0.0,{},,False,{},23.1943,0.0,0.0,59.333333333333336,,,-59.333333333333336,0.0
asym-3-java,mut_wrong,tinyllama,approach_3,run_1,0.0,{},,False,{},9.3546,0.0,0.0,59.333333333333336,,,-59.333333333333336,0.0
asym-3-java,mut_wrong,tinyllama,approach_3,run_2,0.0,{},,False,{},25.1726,0.0,0.0,59.333333333333336,,,-59.333333333333336,0.0
asym-3-java,mut_wrong,tinyllama,approach_3,run_3,0.0,{},,False,{},8.868,0.0,0.0,59.333333333333336,,,-59.333333333333336,0.0
asym-3-java,mut_wrong,tinyllama,approach_2,run_1,0.0,{},,False,"{""1"": """", ""2"": """", ""3"": """", ""4"": """", ""5"": """", ""6"": """", ""7"": """", ""8"": """", ""9"": """", ""10"": """", ""11"": """"}",99.0491,0.0,1.4142135623730951,59.333333333333336,,,-59.333333333333336,0.3333333333333333
asym-3-java,mut_wrong,tinyllama,approach_2,run_2,0.0,{},,False,"{""1"": """", ""2"": """", ""3"": """", ""4"": """", ""5"": """", ""6"": """", ""7"": """", ""8"": """", ""9"": """", ""10"": """", ""11"": """"}",112.2753,0.0,1.4142135623730951,59.333333333333336,,,-59.333333333333336,0.3333333333333333
asym-3-java,mut_wrong,tinyllama,approach_2,run_3,3.0,"{""9"": 3}",,False,"{""1"": """", ""2"": """", ""3"": """", ""4"": """", ""5"": """", ""6"": """", ""7"": """", ""8"": """", ""9"": ""The student's written analyziS include a detailed analizS of both functions. Each line number refers to a specific loop in each function. Please include your student's exact, specific numbers for every loop. You can also use big-O notation with tiGhbBounds (if applicable), but make sure you justify your analysis with at least one or two sentences for each step of the analyziS.\n\nYour analyziS should refer to line numbers and specify the number of iterations and cost per iteration. The student's analizS must be based on N, as N is the side length of the input matrix `mat`. Your analyziS should be clear and concise, including any necessary details for a reader unfamiliar with this problem statement.\n\nFor example:\n\n- Line 1: f(int[][] mat) {\n     int n = mat.length;\n     int s = 0;\n     for (int i = 0; i < n; i++) {\n         for (int j = i; j < n; j++) {\n             s += mat[i][j];\n         }\n     }\n     int t = g(mat);\n     return s + t;\n }\n\n- Line 12: g(int[][] mat) {\n     int n = mat.length;\n     int t = 0;\n     for (int i = 0; i < n; i++) {\n         t += mat[i][i];\n     }\n     return t;\n }\n\n- Part A: int n = mat.length;\n- Part B: Combined iterations:\n    - Inner loop runs from j = i to j = N-1, giving (N - i) iterations. Total: Theta(N^2).\n    - Cost per iteration: Theta(1) -- One array access, one += assignment, loop checks and increment s. Total: Theta(1).\n    - Total cost of Part B: Theta(N^2).\n- Part C: Call to g():\n    - Cost of the call to g: Theta(N) (see analyziS above). Total: Theta(N).\n\nYour final result should be a detailed, specific, and concise answer that includes each loop's cost per iteration as well as its total cost. Your analyziS should demonstrate how each part of the input matrix `mat` affects the overall running time of both functions and how the choice of function to use affects this overall runtime."", ""10"": """", ""11"": """"}",76.0555,0.0,1.4142135623730951,59.333333333333336,,,-59.333333333333336,0.3333333333333333
asym-3-java,mut_wrong,tinyllama,approach_1,run_1,0.0,{},,False,{},22.2525,0.0,0.0,59.333333333333336,,,-59.333333333333336,0.0
asym-3-java,mut_wrong,tinyllama,approach_1,run_2,0.0,{},,False,{},16.4482,0.0,0.0,59.333333333333336,,,-59.333333333333336,0.0
asym-3-java,mut_wrong,tinyllama,approach_1,run_3,0.0,{},,False,{},8.0458,0.0,0.0,59.333333333333336,,,-59.333333333333336,0.0
asym-3-java,mut_semi,tinyllama,approach_3,run_1,0.0,{},,False,{},15.4138,0.0,0.0,59.333333333333336,,,-59.333333333333336,0.0
asym-3-java,mut_semi,tinyllama,approach_3,run_2,0.0,{},,False,{},11.0848,0.0,0.0,59.333333333333336,,,-59.333333333333336,0.0
asym-3-java,mut_semi,tinyllama,approach_3,run_3,0.0,{},,False,{},10.7446,0.0,0.0,59.333333333333336,,,-59.333333333333336,0.0
asym-3-java,mut_semi,tinyllama,approach_2,run_1,0.0,{},,False,"{""1"": """", ""2"": """", ""3"": """", ""4"": """", ""5"": """", ""6"": """", ""7"": """", ""8"": """", ""9"": ""Rule:\n\n1. Output only whole numbers (no extra or generic text) within the specified range for both functions - no preambles, nor summaries.\n2. Each loop must refer to N times and each iteration should be Theta(N) with a single cost per iteration. The function must have multiple nested loops as well as a call to g.\n3. Use proper big-O notation with tihing bounds for both functions.\n4. Refer to Theta notation for the matrix size, which is N times N.\n5. Analyze both functions separately and provide a detailed analysis of each.\n6. Use appropriate textual feedback sentences with Theta notation.\n\nQUESTION: Calculate the asymptotic worst-case running time of the following two functions:\n\n1. f(int[][], int[][]) - A function that takes in an N x N array and a separate N x M matrix, respectively. Its runtime should be O(N^2 + M) where N and M are the sizes of the two matrices involved.\n\n2. AsymQ3 - An asymptotic-complexity analyzi of its input matrix `mat` (length), which should give an estimate for its worst case running time using Theta notation. This function could be used in a larger project or even by other people to check the correctness of their code.\n\nMARKS: \n\nMARKS must refer to line numbers.\nFor method f - \n\nPart A: INT n = mat.lengt; INT s = 0;\nPart B (nested loops over I, J):\nInner loop runs from j = I to j = N-1. Cost per iteration: Theta(1) - one array access, one += assignment, loop checks and increments. Part C: int t = g(mat); return s + t; - Single call to g plus constant work (Theta(1)). Parts A and the return statement of Part C are Theta(N^2). Total running time of f: Theta(N^2) x Theta(1) = Theta(N^2). Method g -\n\nPart D: INT n = mat.lengt; INT t = 0;\nPart E (for loop along the diagonal): Single loop over I from 0 to N-1. Cost per iteration: Theta(1) - one matrix access mat[i][i], one += assignment, loop check and increment. Part F: return t; - Constant time. Parts D and F are Theta(1). Part E: INT n = mat.lengt; INT s = 0;\nPart F:\n- Iterations: the setup statements outside the loops are constant. Total running time of g: Theta(N^2) + Theta(M) = Theta(N^2+M). Feedback Sentence - for both functions separately:\n\nBoth functions have Theta(N^2) worst-case worst case runtime using Theta notation, which is a good estimate for their asymptotic complexity. Both functions can be used in larger projects to check the correctness of code."", ""10"": """", ""11"": """"}",96.9968,0.0,0.0,59.333333333333336,,,-59.333333333333336,0.3333333333333333
asym-3-java,mut_semi,tinyllama,approach_2,run_2,0.0,{},,False,"{""1"": """", ""2"": """", ""3"": """", ""4"": """", ""5"": """", ""6"": """", ""7"": """", ""8"": """", ""9"": """", ""10"": """", ""11"": """"}",152.4306,0.0,0.0,59.333333333333336,,,-59.333333333333336,0.3333333333333333
asym-3-java,mut_semi,tinyllama,approach_2,run_3,0.0,{},,False,"{""1"": """", ""2"": """", ""3"": """", ""4"": """", ""5"": ""Your analysi must refer to a function that takes an array of integers as input, and each matrix entry in the function is read into a running total s (Theta(1)) with each iteration. This analysis should show how the nested loops of f() are expensive in terms of runtime but add value through their effect on the overall time complexity. Your analysi must also include comments explaining each line to help ensure that you understand what's going on and why it matters."", ""6"": """", ""7"": """", ""8"": """", ""9"": """", ""10"": """", ""11"": """"}",76.7634,0.0,0.0,59.333333333333336,,,-59.333333333333336,0.3333333333333333
asym-3-java,mut_semi,tinyllama,approach_1,run_1,0.0,{},,False,{},6.6185,0.0,0.0,59.333333333333336,,,-59.333333333333336,0.0
asym-3-java,mut_semi,tinyllama,approach_1,run_2,0.0,{},,False,{},6.5315,0.0,0.0,59.333333333333336,,,-59.333333333333336,0.0
asym-3-java,mut_semi,tinyllama,approach_1,run_3,0.0,{},,False,{},11.162,0.0,0.0,59.333333333333336,,,-59.333333333333336,0.0
